
/* TC_CMMNCLCODE */

INSERT INTO TC_CMMNCLCODE(CL_CODE,CL_CODE_NM,CL_CODE_DC,USE_AT,FRST_REGIST_PNTTM,FRST_REGISTER_ID,LAST_UPDT_PNTTM,LAST_UPDUSR_ID) VALUES ('EFC','전자정부 프레임워크 공통서비스','전자정부 프레임워크 공통서비스','Y',SYSDATETIME,'SYSTEM',SYSDATETIME,'SYSTEM');


/* TC_CMMNCODE */


INSERT INTO TC_CMMNCODE(CODE_ID,CODE_ID_NM,CODE_ID_DC,USE_AT,CL_CODE,FRST_REGIST_PNTTM,FRST_REGISTER_ID,LAST_UPDT_PNTTM,LAST_UPDUSR_ID) VALUES ('BO001','배치업무구분','배치업무구분','Y','EFC',SYSDATETIME,'ADMIN',SYSDATETIME,'ADMIN');
INSERT INTO TC_CMMNCODE(CODE_ID,CODE_ID_NM,CODE_ID_DC,USE_AT,CL_CODE,FRST_REGIST_PNTTM,FRST_REGISTER_ID,LAST_UPDT_PNTTM,LAST_UPDUSR_ID) VALUES ('BO002','업무승인결과','업무승인결과','Y','EFC',SYSDATETIME,'ADMIN',SYSDATETIME,'ADMIN');
INSERT INTO TC_CMMNCODE(CODE_ID,CODE_ID_NM,CODE_ID_DC,USE_AT,CL_CODE,FRST_REGIST_PNTTM,FRST_REGISTER_ID,LAST_UPDT_PNTTM,LAST_UPDUSR_ID) VALUES ('BO003','배치승인결과','배치승인결과','Y','EFC',SYSDATETIME,'ADMIN',SYSDATETIME,'ADMIN');
INSERT INTO TC_CMMNCODE(CODE_ID,CODE_ID_NM,CODE_ID_DC,USE_AT,CL_CODE,FRST_REGIST_PNTTM,FRST_REGISTER_ID,LAST_UPDT_PNTTM,LAST_UPDUSR_ID) VALUES ('BO004','실행상태유형','실행상태유형','Y','EFC',SYSDATETIME,'ADMIN',SYSDATETIME,'ADMIN');
INSERT INTO TC_CMMNCODE(CODE_ID,CODE_ID_NM,CODE_ID_DC,USE_AT,CL_CODE,FRST_REGIST_PNTTM,FRST_REGISTER_ID,LAST_UPDT_PNTTM,LAST_UPDUSR_ID) VALUES ('BO005','실행결과유형','실행결과유형','Y','EFC',SYSDATETIME,'ADMIN',SYSDATETIME,'ADMIN');
INSERT INTO TC_CMMNCODE(CODE_ID,CODE_ID_NM,CODE_ID_DC,USE_AT,CL_CODE,FRST_REGIST_PNTTM,FRST_REGISTER_ID,LAST_UPDT_PNTTM,LAST_UPDUSR_ID) VALUES ('BO006','이슈상태유형','이슈상태유형','Y','EFC',SYSDATETIME,'ADMIN',SYSDATETIME,'ADMIN');
INSERT INTO TC_CMMNCODE(CODE_ID,CODE_ID_NM,CODE_ID_DC,USE_AT,CL_CODE,FRST_REGIST_PNTTM,FRST_REGISTER_ID,LAST_UPDT_PNTTM,LAST_UPDUSR_ID) VALUES ('BO007','JOB지식유형','JOB지식유형','Y','EFC',SYSDATETIME,'ADMIN',SYSDATETIME,'ADMIN');
INSERT INTO TC_CMMNCODE(CODE_ID,CODE_ID_NM,CODE_ID_DC,USE_AT,CL_CODE,FRST_REGIST_PNTTM,FRST_REGISTER_ID,LAST_UPDT_PNTTM,LAST_UPDUSR_ID) VALUES ('BO008','배치이벤트코드','배치이벤트코드','Y','EFC',SYSDATETIME,'ADMIN',SYSDATETIME,'ADMIN');
INSERT INTO TC_CMMNCODE(CODE_ID,CODE_ID_NM,CODE_ID_DC,USE_AT,CL_CODE,FRST_REGIST_PNTTM,FRST_REGISTER_ID,LAST_UPDT_PNTTM,LAST_UPDUSR_ID) VALUES ('BO009','배치알림코드','배치알림코드','Y','EFC',SYSDATETIME,'ADMIN',SYSDATETIME,'ADMIN');
INSERT INTO TC_CMMNCODE(CODE_ID,CODE_ID_NM,CODE_ID_DC,USE_AT,CL_CODE,FRST_REGIST_PNTTM,FRST_REGISTER_ID,LAST_UPDT_PNTTM,LAST_UPDUSR_ID) VALUES ('BO010','JOB지식평가코드','JOB지식평가코드','Y','EFC',SYSDATETIME,'ADMIN',SYSDATETIME,'ADMIN');
INSERT INTO TC_CMMNCODE(CODE_ID,CODE_ID_NM,CODE_ID_DC,USE_AT,CL_CODE,FRST_REGIST_PNTTM,FRST_REGISTER_ID,LAST_UPDT_PNTTM,LAST_UPDUSR_ID) VALUES ('BO011','처리구분코드','테이터 처리 구분 코드','Y','EFC',SYSDATETIME,'SYSTEM',SYSDATETIME,'SYSTEM');
INSERT INTO TC_CMMNCODE(CODE_ID,CODE_ID_NM,CODE_ID_DC,USE_AT,CL_CODE,FRST_REGIST_PNTTM,FRST_REGISTER_ID,LAST_UPDT_PNTTM,LAST_UPDUSR_ID) VALUES ('BO012','배포여부','배포 여부 상태','Y','EFC',SYSDATETIME,'SYSTEM',SYSDATETIME,'SYSTEM');
INSERT INTO TC_CMMNCODE(CODE_ID,CODE_ID_NM,CODE_ID_DC,USE_AT,CL_CODE,FRST_REGIST_PNTTM,FRST_REGISTER_ID,LAST_UPDT_PNTTM,LAST_UPDUSR_ID) VALUES ('BO013','예/아니오','예/아니오','Y','EFC',SYSDATETIME,'SYSTEM',SYSDATETIME,'SYSTEM');
INSERT INTO TC_CMMNCODE(CODE_ID,CODE_ID_NM,CODE_ID_DC,USE_AT,CL_CODE,FRST_REGIST_PNTTM,FRST_REGISTER_ID,LAST_UPDT_PNTTM,LAST_UPDUSR_ID) VALUES ('BO014','첨부구분코드','파일 첨부 구분 코드','Y','EFC',SYSDATETIME,'ADMIN',SYSDATETIME,'ADMIN');

INSERT INTO TC_CMMNCODE(CODE_ID,CODE_ID_NM,CODE_ID_DC,USE_AT,CL_CODE,FRST_REGIST_PNTTM,FRST_REGISTER_ID,LAST_UPDT_PNTTM,LAST_UPDUSR_ID) VALUES ('COM001','등록구분','게시판, 커뮤니티, 동호회 등록구분코드','Y','EFC',SYSDATETIME,'SYSTEM',SYSDATETIME,'SYSTEM');
INSERT INTO TC_CMMNCODE(CODE_ID,CODE_ID_NM,CODE_ID_DC,USE_AT,CL_CODE,FRST_REGIST_PNTTM,FRST_REGISTER_ID,LAST_UPDT_PNTTM,LAST_UPDUSR_ID) VALUES ('COM002','이력구분','시스템이력등록구분','Y','EFC',SYSDATETIME,'SYSTEM',SYSDATETIME,'SYSTEM');
INSERT INTO TC_CMMNCODE(CODE_ID,CODE_ID_NM,CODE_ID_DC,USE_AT,CL_CODE,FRST_REGIST_PNTTM,FRST_REGISTER_ID,LAST_UPDT_PNTTM,LAST_UPDUSR_ID) VALUES ('COM003','업무구분','업무구분코드','Y','EFC',SYSDATETIME,'SYSTEM',SYSDATETIME,'SYSTEM');
INSERT INTO TC_CMMNCODE(CODE_ID,CODE_ID_NM,CODE_ID_DC,USE_AT,CL_CODE,FRST_REGIST_PNTTM,FRST_REGISTER_ID,LAST_UPDT_PNTTM,LAST_UPDUSR_ID) VALUES ('COM004','게시판유형','게시판유형구분코드','Y','EFC',SYSDATETIME,'SYSTEM',SYSDATETIME,'SYSTEM');
INSERT INTO TC_CMMNCODE(CODE_ID,CODE_ID_NM,CODE_ID_DC,USE_AT,CL_CODE,FRST_REGIST_PNTTM,FRST_REGISTER_ID,LAST_UPDT_PNTTM,LAST_UPDUSR_ID) VALUES ('COM005','템플릿유형','템플릿유형구분코드','Y','EFC',SYSDATETIME,'SYSTEM',SYSDATETIME,'SYSTEM');
INSERT INTO TC_CMMNCODE(CODE_ID,CODE_ID_NM,CODE_ID_DC,USE_AT,CL_CODE,FRST_REGIST_PNTTM,FRST_REGISTER_ID,LAST_UPDT_PNTTM,LAST_UPDUSR_ID) VALUES ('COM006','승인유형','동호회, 커뮤니티 승인 유형','Y','EFC',SYSDATETIME,'SYSTEM',SYSDATETIME,'SYSTEM');
INSERT INTO TC_CMMNCODE(CODE_ID,CODE_ID_NM,CODE_ID_DC,USE_AT,CL_CODE,FRST_REGIST_PNTTM,FRST_REGISTER_ID,LAST_UPDT_PNTTM,LAST_UPDUSR_ID) VALUES ('COM007','승인상태','동호회, 커뮤니티 승인 상태','Y','EFC',SYSDATETIME,'SYSTEM',SYSDATETIME,'SYSTEM');
INSERT INTO TC_CMMNCODE(CODE_ID,CODE_ID_NM,CODE_ID_DC,USE_AT,CL_CODE,FRST_REGIST_PNTTM,FRST_REGISTER_ID,LAST_UPDT_PNTTM,LAST_UPDUSR_ID) VALUES ('COM008','처리상태','송수신 요청의 처리상태','Y','EFC',SYSDATETIME,'SYSTEM',SYSDATETIME,'SYSTEM');
INSERT INTO TC_CMMNCODE(CODE_ID,CODE_ID_NM,CODE_ID_DC,USE_AT,CL_CODE,FRST_REGIST_PNTTM,FRST_REGISTER_ID,LAST_UPDT_PNTTM,LAST_UPDUSR_ID) VALUES ('COM009','게시판속성','게시판 속성','Y','EFC',SYSDATETIME,'SYSTEM',SYSDATETIME,'SYSTEM');
INSERT INTO TC_CMMNCODE(CODE_ID,CODE_ID_NM,CODE_ID_DC,USE_AT,CL_CODE,FRST_REGIST_PNTTM,FRST_REGISTER_ID,LAST_UPDT_PNTTM,LAST_UPDUSR_ID) VALUES ('COM010','권한유형','시스템을 사용하기 위한 권한 구분','Y','EFC',SYSDATETIME,'SYSTEM',SYSDATETIME,'SYSTEM');
INSERT INTO TC_CMMNCODE(CODE_ID,CODE_ID_NM,CODE_ID_DC,USE_AT,CL_CODE,FRST_REGIST_PNTTM,FRST_REGISTER_ID,LAST_UPDT_PNTTM,LAST_UPDUSR_ID) VALUES ('COM011','롤유형','시스템의 기능을 사용하기 위한 롤 구분','Y','EFC',SYSDATETIME,'SYSTEM',SYSDATETIME,'SYSTEM');
INSERT INTO TC_CMMNCODE(CODE_ID,CODE_ID_NM,CODE_ID_DC,USE_AT,CL_CODE,FRST_REGIST_PNTTM,FRST_REGISTER_ID,LAST_UPDT_PNTTM,LAST_UPDUSR_ID) VALUES ('COM012','회원유형','일반/기업/업무담당자를 구현하기 위한 사용자 구분','Y','EFC',SYSDATETIME,'SYSTEM',SYSDATETIME,'SYSTEM');
INSERT INTO TC_CMMNCODE(CODE_ID,CODE_ID_NM,CODE_ID_DC,USE_AT,CL_CODE,FRST_REGIST_PNTTM,FRST_REGISTER_ID,LAST_UPDT_PNTTM,LAST_UPDUSR_ID) VALUES ('COM013','회원상태','회원 가입 신청/승인/삭제를 위한 상태 구분','Y','EFC',SYSDATETIME,'SYSTEM',SYSDATETIME,'SYSTEM');
INSERT INTO TC_CMMNCODE(CODE_ID,CODE_ID_NM,CODE_ID_DC,USE_AT,CL_CODE,FRST_REGIST_PNTTM,FRST_REGISTER_ID,LAST_UPDT_PNTTM,LAST_UPDUSR_ID) VALUES ('COM014','성별구분','남녀 성별 구분','Y','EFC',SYSDATETIME,'SYSTEM',SYSDATETIME,'SYSTEM');
INSERT INTO TC_CMMNCODE(CODE_ID,CODE_ID_NM,CODE_ID_DC,USE_AT,CL_CODE,FRST_REGIST_PNTTM,FRST_REGISTER_ID,LAST_UPDT_PNTTM,LAST_UPDUSR_ID) VALUES ('COM015','인증방식유형','주민등록번호 인증, GPIN 인증과 같은 사용자 인증 구분','Y','EFC',SYSDATETIME,'SYSTEM',SYSDATETIME,'SYSTEM');
INSERT INTO TC_CMMNCODE(CODE_ID,CODE_ID_NM,CODE_ID_DC,USE_AT,CL_CODE,FRST_REGIST_PNTTM,FRST_REGISTER_ID,LAST_UPDT_PNTTM,LAST_UPDUSR_ID) VALUES ('COM016','변경요청처리 상태','프로그램 변경의 요청/처리 등의 변경요청 상태 구분','Y','EFC',SYSDATETIME,'SYSTEM',SYSDATETIME,'SYSTEM');
INSERT INTO TC_CMMNCODE(CODE_ID,CODE_ID_NM,CODE_ID_DC,USE_AT,CL_CODE,FRST_REGIST_PNTTM,FRST_REGISTER_ID,LAST_UPDT_PNTTM,LAST_UPDUSR_ID) VALUES ('COM017','휴일구분','휴일의 구분','Y','EFC',SYSDATETIME,'SYSTEM',SYSDATETIME,'SYSTEM');
INSERT INTO TC_CMMNCODE(CODE_ID,CODE_ID_NM,CODE_ID_DC,USE_AT,CL_CODE,FRST_REGIST_PNTTM,FRST_REGISTER_ID,LAST_UPDT_PNTTM,LAST_UPDUSR_ID) VALUES ('COM018','질문유형','질문유형 객관식/주관식 상태구분','Y','EFC',SYSDATETIME,'SYSTEM',SYSDATETIME,'SYSTEM');
INSERT INTO TC_CMMNCODE(CODE_ID,CODE_ID_NM,CODE_ID_DC,USE_AT,CL_CODE,FRST_REGIST_PNTTM,FRST_REGISTER_ID,LAST_UPDT_PNTTM,LAST_UPDUSR_ID) VALUES ('COM019','일정중요도','일정중요도 낮음/보통/높음 상태구분','Y','EFC',SYSDATETIME,'SYSTEM',SYSDATETIME,'SYSTEM');
INSERT INTO TC_CMMNCODE(CODE_ID,CODE_ID_NM,CODE_ID_DC,USE_AT,CL_CODE,FRST_REGIST_PNTTM,FRST_REGISTER_ID,LAST_UPDT_PNTTM,LAST_UPDUSR_ID) VALUES ('COM020','일정구분','일정구분 부서일지정보/일지정보 상태구분','Y','EFC',SYSDATETIME,'SYSTEM',SYSDATETIME,'SYSTEM');
INSERT INTO TC_CMMNCODE(CODE_ID,CODE_ID_NM,CODE_ID_DC,USE_AT,CL_CODE,FRST_REGIST_PNTTM,FRST_REGISTER_ID,LAST_UPDT_PNTTM,LAST_UPDUSR_ID) VALUES ('COM021','도움말구분','도움말 설명 구분코드','Y','EFC',SYSDATETIME,'SYSTEM',SYSDATETIME,'SYSTEM');
INSERT INTO TC_CMMNCODE(CODE_ID,CODE_ID_NM,CODE_ID_DC,USE_AT,CL_CODE,FRST_REGIST_PNTTM,FRST_REGISTER_ID,LAST_UPDT_PNTTM,LAST_UPDUSR_ID) VALUES ('COM022','비밀번호 힌트','비밀번호 힌트 구분코드','Y','EFC',SYSDATETIME,'SYSTEM',SYSDATETIME,'SYSTEM');
INSERT INTO TC_CMMNCODE(CODE_ID,CODE_ID_NM,CODE_ID_DC,USE_AT,CL_CODE,FRST_REGIST_PNTTM,FRST_REGISTER_ID,LAST_UPDT_PNTTM,LAST_UPDUSR_ID) VALUES ('COM023','사이트주제분류','사이트주제분류 설명 구분코드','Y','EFC',SYSDATETIME,'SYSTEM',SYSDATETIME,'SYSTEM');
INSERT INTO TC_CMMNCODE(CODE_ID,CODE_ID_NM,CODE_ID_DC,USE_AT,CL_CODE,FRST_REGIST_PNTTM,FRST_REGISTER_ID,LAST_UPDT_PNTTM,LAST_UPDUSR_ID) VALUES ('COM024','발송결과구분','발송메일 수신결과 구분 코드','Y','EFC',SYSDATETIME,'SYSTEM',SYSDATETIME,'SYSTEM');
INSERT INTO TC_CMMNCODE(CODE_ID,CODE_ID_NM,CODE_ID_DC,USE_AT,CL_CODE,FRST_REGIST_PNTTM,FRST_REGISTER_ID,LAST_UPDT_PNTTM,LAST_UPDUSR_ID) VALUES ('COM025','소속기관','소속기관정보를 관리할때 사용하는 구분코드(시스템별로 재정의)','Y','EFC',SYSDATETIME,'SYSTEM',SYSDATETIME,'SYSTEM');
INSERT INTO TC_CMMNCODE(CODE_ID,CODE_ID_NM,CODE_ID_DC,USE_AT,CL_CODE,FRST_REGIST_PNTTM,FRST_REGISTER_ID,LAST_UPDT_PNTTM,LAST_UPDUSR_ID) VALUES ('COM026','기업구분','기업구분정보를 관리할때 사용하는 구분코드(시스템별로 재정의)','Y','EFC',SYSDATETIME,'SYSTEM',SYSDATETIME,'SYSTEM');
INSERT INTO TC_CMMNCODE(CODE_ID,CODE_ID_NM,CODE_ID_DC,USE_AT,CL_CODE,FRST_REGIST_PNTTM,FRST_REGISTER_ID,LAST_UPDT_PNTTM,LAST_UPDUSR_ID) VALUES ('COM027','업종','대표업종코드(시스템별로 재정의)','Y','EFC',SYSDATETIME,'SYSTEM',SYSDATETIME,'SYSTEM');
INSERT INTO TC_CMMNCODE(CODE_ID,CODE_ID_NM,CODE_ID_DC,USE_AT,CL_CODE,FRST_REGIST_PNTTM,FRST_REGISTER_ID,LAST_UPDT_PNTTM,LAST_UPDUSR_ID) VALUES ('COM028','질의응답처리상태','Q/A 처리상태코드','Y','EFC',SYSDATETIME,'SYSTEM',SYSDATETIME,'SYSTEM');
INSERT INTO TC_CMMNCODE(CODE_ID,CODE_ID_NM,CODE_ID_DC,USE_AT,CL_CODE,FRST_REGIST_PNTTM,FRST_REGISTER_ID,LAST_UPDT_PNTTM,LAST_UPDUSR_ID) VALUES ('COM029','롤유형코드','','Y','EFC',SYSDATETIME,'SYSTEM',SYSDATETIME,'SYSTEM');
INSERT INTO TC_CMMNCODE(CODE_ID,CODE_ID_NM,CODE_ID_DC,USE_AT,CL_CODE,FRST_REGIST_PNTTM,FRST_REGISTER_ID,LAST_UPDT_PNTTM,LAST_UPDUSR_ID) VALUES ('COM030','일정구분','일정구분 코드','Y','EFC',SYSDATETIME,'SYSTEM',SYSDATETIME,'SYSTEM');
INSERT INTO TC_CMMNCODE(CODE_ID,CODE_ID_NM,CODE_ID_DC,USE_AT,CL_CODE,FRST_REGIST_PNTTM,FRST_REGISTER_ID,LAST_UPDT_PNTTM,LAST_UPDUSR_ID) VALUES ('COM031','반복구분','일정 반복구분 코드','Y','EFC',SYSDATETIME,'SYSTEM',SYSDATETIME,'SYSTEM');
INSERT INTO TC_CMMNCODE(CODE_ID,CODE_ID_NM,CODE_ID_DC,USE_AT,CL_CODE,FRST_REGIST_PNTTM,FRST_REGISTER_ID,LAST_UPDT_PNTTM,LAST_UPDUSR_ID) VALUES ('COM032','작업유형','승인이력 작업유형','Y','EFC',SYSDATETIME,'SYSTEM',SYSDATETIME,'SYSTEM');
INSERT INTO TC_CMMNCODE(CODE_ID,CODE_ID_NM,CODE_ID_DC,USE_AT,CL_CODE,FRST_REGIST_PNTTM,FRST_REGISTER_ID,LAST_UPDT_PNTTM,LAST_UPDUSR_ID) VALUES ('COM033','시스템로그구분','','Y','EFC',SYSDATETIME,'SYSTEM',SYSDATETIME,'SYSTEM');
INSERT INTO TC_CMMNCODE(CODE_ID,CODE_ID_NM,CODE_ID_DC,USE_AT,CL_CODE,FRST_REGIST_PNTTM,FRST_REGISTER_ID,LAST_UPDT_PNTTM,LAST_UPDUSR_ID) VALUES ('COM034','직업유형','직업유형코드','Y','EFC',SYSDATETIME,'SYSTEM',SYSDATETIME,'SYSTEM');
INSERT INTO TC_CMMNCODE(CODE_ID,CODE_ID_NM,CODE_ID_DC,USE_AT,CL_CODE,FRST_REGIST_PNTTM,FRST_REGISTER_ID,LAST_UPDT_PNTTM,LAST_UPDUSR_ID) VALUES ('COM035','행사유형','행사/이벤트/캠페인 구분','Y','EFC',SYSDATETIME,'SYSTEM',SYSDATETIME,'SYSTEM');
INSERT INTO TC_CMMNCODE(CODE_ID,CODE_ID_NM,CODE_ID_DC,USE_AT,CL_CODE,FRST_REGIST_PNTTM,FRST_REGISTER_ID,LAST_UPDT_PNTTM,LAST_UPDUSR_ID) VALUES ('COM036','보고서 진행상태코드','보고서의 진행상태를 코드화 하여 관리한다.','Y','EFC',SYSDATETIME,'SYSTEM',SYSDATETIME,'SYSTEM');
INSERT INTO TC_CMMNCODE(CODE_ID,CODE_ID_NM,CODE_ID_DC,USE_AT,CL_CODE,FRST_REGIST_PNTTM,FRST_REGISTER_ID,LAST_UPDT_PNTTM,LAST_UPDUSR_ID) VALUES ('COM038','온라인POLL페기유무','온라인POLL-온라인POLL페기유무','Y','EFC',SYSDATETIME,'SYSTEM',SYSDATETIME,'SYSTEM');
INSERT INTO TC_CMMNCODE(CODE_ID,CODE_ID_NM,CODE_ID_DC,USE_AT,CL_CODE,FRST_REGIST_PNTTM,FRST_REGISTER_ID,LAST_UPDT_PNTTM,LAST_UPDUSR_ID) VALUES ('COM039','온라인POLL구분','온라인POLL-온온라인POLL구분','Y','EFC',SYSDATETIME,'SYSTEM',SYSDATETIME,'SYSTEM');
INSERT INTO TC_CMMNCODE(CODE_ID,CODE_ID_NM,CODE_ID_DC,USE_AT,CL_CODE,FRST_REGIST_PNTTM,FRST_REGISTER_ID,LAST_UPDT_PNTTM,LAST_UPDUSR_ID) VALUES ('COM040','보고서 종류코드','보고서 종류코드','Y','EFC',SYSDATETIME,'SYSTEM',SYSDATETIME,'SYSTEM');
INSERT INTO TC_CMMNCODE(CODE_ID,CODE_ID_NM,CODE_ID_DC,USE_AT,CL_CODE,FRST_REGIST_PNTTM,FRST_REGISTER_ID,LAST_UPDT_PNTTM,LAST_UPDUSR_ID) VALUES ('COM041','온라인메뉴얼구분','온라인메누얼-온라인메뉴얼구분','Y','EFC',SYSDATETIME,'SYSTEM',SYSDATETIME,'SYSTEM');
INSERT INTO TC_CMMNCODE(CODE_ID,CODE_ID_NM,CODE_ID_DC,USE_AT,CL_CODE,FRST_REGIST_PNTTM,FRST_REGISTER_ID,LAST_UPDT_PNTTM,LAST_UPDUSR_ID) VALUES ('COM042','보고서통계기간구분','보고서통계기간구분','Y','EFC',SYSDATETIME,'SYSTEM',SYSDATETIME,'SYSTEM');
INSERT INTO TC_CMMNCODE(CODE_ID,CODE_ID_NM,CODE_ID_DC,USE_AT,CL_CODE,FRST_REGIST_PNTTM,FRST_REGISTER_ID,LAST_UPDT_PNTTM,LAST_UPDUSR_ID) VALUES ('COM043','기관코드변경구분','기관코드변경구분','Y','EFC',SYSDATETIME,'SYSTEM',SYSDATETIME,'SYSTEM');
INSERT INTO TC_CMMNCODE(CODE_ID,CODE_ID_NM,CODE_ID_DC,USE_AT,CL_CODE,FRST_REGIST_PNTTM,FRST_REGISTER_ID,LAST_UPDT_PNTTM,LAST_UPDUSR_ID) VALUES ('COM044','기관코드수신처리구분','기관코드수신처리구분','Y','EFC',SYSDATETIME,'SYSTEM',SYSDATETIME,'SYSTEM');
INSERT INTO TC_CMMNCODE(CODE_ID,CODE_ID_NM,CODE_ID_DC,USE_AT,CL_CODE,FRST_REGIST_PNTTM,FRST_REGISTER_ID,LAST_UPDT_PNTTM,LAST_UPDUSR_ID) VALUES ('COM045','사용여부','사용여부','Y','EFC',SYSDATETIME,'SYSTEM',SYSDATETIME,'SYSTEM');
INSERT INTO TC_CMMNCODE(CODE_ID,CODE_ID_NM,CODE_ID_DC,USE_AT,CL_CODE,FRST_REGIST_PNTTM,FRST_REGISTER_ID,LAST_UPDT_PNTTM,LAST_UPDUSR_ID) VALUES ('COM046','모니터링상태구분','모니터링상태구분','Y','EFC',SYSDATETIME,'SYSTEM',SYSDATETIME,'SYSTEM');
INSERT INTO TC_CMMNCODE(CODE_ID,CODE_ID_NM,CODE_ID_DC,USE_AT,CL_CODE,FRST_REGIST_PNTTM,FRST_REGISTER_ID,LAST_UPDT_PNTTM,LAST_UPDUSR_ID) VALUES ('COM047','실행주기구분','실행주기구분','Y','EFC',SYSDATETIME,'SYSTEM',SYSDATETIME,'SYSTEM');
INSERT INTO TC_CMMNCODE(CODE_ID,CODE_ID_NM,CODE_ID_DC,USE_AT,CL_CODE,FRST_REGIST_PNTTM,FRST_REGISTER_ID,LAST_UPDT_PNTTM,LAST_UPDUSR_ID) VALUES ('COM048','DBMS종류','DBMS종류','Y','EFC',SYSDATETIME,'SYSTEM',SYSDATETIME,'SYSTEM');
INSERT INTO TC_CMMNCODE(CODE_ID,CODE_ID_NM,CODE_ID_DC,USE_AT,CL_CODE,FRST_REGIST_PNTTM,FRST_REGISTER_ID,LAST_UPDT_PNTTM,LAST_UPDUSR_ID) VALUES ('COM049','압축구분','압축구분','Y','EFC',SYSDATETIME,'SYSTEM',SYSDATETIME,'SYSTEM');
INSERT INTO TC_CMMNCODE(CODE_ID,CODE_ID_NM,CODE_ID_DC,USE_AT,CL_CODE,FRST_REGIST_PNTTM,FRST_REGISTER_ID,LAST_UPDT_PNTTM,LAST_UPDUSR_ID) VALUES ('COM050','수신구분','쪽지관리','Y','EFC',SYSDATETIME,'SYSTEM',SYSDATETIME,'SYSTEM');
INSERT INTO TC_CMMNCODE(CODE_ID,CODE_ID_NM,CODE_ID_DC,USE_AT,CL_CODE,FRST_REGIST_PNTTM,FRST_REGISTER_ID,LAST_UPDT_PNTTM,LAST_UPDUSR_ID) VALUES ('COM051','승인여부','승인여부구분코드','Y','EFC',SYSDATETIME,'SYSTEM',SYSDATETIME,'SYSTEM');
INSERT INTO TC_CMMNCODE(CODE_ID,CODE_ID_NM,CODE_ID_DC,USE_AT,CL_CODE,FRST_REGIST_PNTTM,FRST_REGISTER_ID,LAST_UPDT_PNTTM,LAST_UPDUSR_ID) VALUES ('COM052','달력구분','달력구분','Y','EFC',SYSDATETIME,'SYSTEM',SYSDATETIME,'SYSTEM');
INSERT INTO TC_CMMNCODE(CODE_ID,CODE_ID_NM,CODE_ID_DC,USE_AT,CL_CODE,FRST_REGIST_PNTTM,FRST_REGISTER_ID,LAST_UPDT_PNTTM,LAST_UPDUSR_ID) VALUES ('COM053','행사구분','행사구분','Y','EFC',SYSDATETIME,'SYSTEM',SYSDATETIME,'SYSTEM');
INSERT INTO TC_CMMNCODE(CODE_ID,CODE_ID_NM,CODE_ID_DC,USE_AT,CL_CODE,FRST_REGIST_PNTTM,FRST_REGISTER_ID,LAST_UPDT_PNTTM,LAST_UPDUSR_ID) VALUES ('COM054','경조구분','경조구분','Y','EFC',SYSDATETIME,'SYSTEM',SYSDATETIME,'SYSTEM');
INSERT INTO TC_CMMNCODE(CODE_ID,CODE_ID_NM,CODE_ID_DC,USE_AT,CL_CODE,FRST_REGIST_PNTTM,FRST_REGISTER_ID,LAST_UPDT_PNTTM,LAST_UPDUSR_ID) VALUES ('COM055','포상구분','포상구분','Y','EFC',SYSDATETIME,'SYSTEM',SYSDATETIME,'SYSTEM');
INSERT INTO TC_CMMNCODE(CODE_ID,CODE_ID_NM,CODE_ID_DC,USE_AT,CL_CODE,FRST_REGIST_PNTTM,FRST_REGISTER_ID,LAST_UPDT_PNTTM,LAST_UPDUSR_ID) VALUES ('COM056','휴가구분','휴가구분','Y','EFC',SYSDATETIME,'SYSTEM',SYSDATETIME,'SYSTEM');
INSERT INTO TC_CMMNCODE(CODE_ID,CODE_ID_NM,CODE_ID_DC,USE_AT,CL_CODE,FRST_REGIST_PNTTM,FRST_REGISTER_ID,LAST_UPDT_PNTTM,LAST_UPDUSR_ID) VALUES ('COM057','일정구분','일정구분','Y','EFC',SYSDATETIME,'SYSTEM',SYSDATETIME,'SYSTEM');
INSERT INTO TC_CMMNCODE(CODE_ID,CODE_ID_NM,CODE_ID_DC,USE_AT,CL_CODE,FRST_REGIST_PNTTM,FRST_REGISTER_ID,LAST_UPDT_PNTTM,LAST_UPDUSR_ID) VALUES ('COM058','반복구분코드','반복구분코드','Y','EFC',SYSDATETIME,'SYSTEM',SYSDATETIME,'SYSTEM');
INSERT INTO TC_CMMNCODE(CODE_ID,CODE_ID_NM,CODE_ID_DC,USE_AT,CL_CODE,FRST_REGIST_PNTTM,FRST_REGISTER_ID,LAST_UPDT_PNTTM,LAST_UPDUSR_ID) VALUES ('COM059','우선순위','우선순위','Y','EFC',SYSDATETIME,'SYSTEM',SYSDATETIME,'SYSTEM');
INSERT INTO TC_CMMNCODE(CODE_ID,CODE_ID_NM,CODE_ID_DC,USE_AT,CL_CODE,FRST_REGIST_PNTTM,FRST_REGISTER_ID,LAST_UPDT_PNTTM,LAST_UPDUSR_ID) VALUES ('COM060','보고서구분','보고서구분','Y','EFC',SYSDATETIME,'SYSTEM',SYSDATETIME,'SYSTEM');
INSERT INTO TC_CMMNCODE(CODE_ID,CODE_ID_NM,CODE_ID_DC,USE_AT,CL_CODE,FRST_REGIST_PNTTM,FRST_REGISTER_ID,LAST_UPDT_PNTTM,LAST_UPDUSR_ID) VALUES ('COM061','간부상태','간부상태','Y','EFC',SYSDATETIME,'SYSTEM',SYSDATETIME,'SYSTEM');
INSERT INTO TC_CMMNCODE(CODE_ID,CODE_ID_NM,CODE_ID_DC,USE_AT,CL_CODE,FRST_REGIST_PNTTM,FRST_REGISTER_ID,LAST_UPDT_PNTTM,LAST_UPDUSR_ID) VALUES ('COM062',' HTTP상태코드','HTTP상태코드','Y','EFC',SYSDATETIME,'SYSTEM',SYSDATETIME,'SYSTEM');
INSERT INTO TC_CMMNCODE(CODE_ID,CODE_ID_NM,CODE_ID_DC,USE_AT,CL_CODE,FRST_REGIST_PNTTM,FRST_REGISTER_ID,LAST_UPDT_PNTTM,LAST_UPDUSR_ID) VALUES ('COM063','상태관리','상태관리','Y','EFC',SYSDATETIME,'SYSTEM',SYSDATETIME,'SYSTEM');
INSERT INTO TC_CMMNCODE(CODE_ID,CODE_ID_NM,CODE_ID_DC,USE_AT,CL_CODE,FRST_REGIST_PNTTM,FRST_REGISTER_ID,LAST_UPDT_PNTTM,LAST_UPDUSR_ID) VALUES ('COM064','서버종류코드','서버종류코드','Y','EFC',SYSDATETIME,'SYSTEM',SYSDATETIME,'SYSTEM');
INSERT INTO TC_CMMNCODE(CODE_ID,CODE_ID_NM,CODE_ID_DC,USE_AT,CL_CODE,FRST_REGIST_PNTTM,FRST_REGISTER_ID,LAST_UPDT_PNTTM,LAST_UPDUSR_ID) VALUES ('COM065','장애종류코드','장애종류코드','Y','EFC',SYSDATETIME,'SYSTEM',SYSDATETIME,'SYSTEM');
INSERT INTO TC_CMMNCODE(CODE_ID,CODE_ID_NM,CODE_ID_DC,USE_AT,CL_CODE,FRST_REGIST_PNTTM,FRST_REGISTER_ID,LAST_UPDT_PNTTM,LAST_UPDUSR_ID) VALUES ('COM066','서버자원종류','서버자원종류','Y','EFC',SYSDATETIME,'SYSTEM',SYSDATETIME,'SYSTEM');
INSERT INTO TC_CMMNCODE(CODE_ID,CODE_ID_NM,CODE_ID_DC,USE_AT,CL_CODE,FRST_REGIST_PNTTM,FRST_REGISTER_ID,LAST_UPDT_PNTTM,LAST_UPDUSR_ID) VALUES ('COM067','네트워크관리항목','네트워크관리항목','Y','EFC',SYSDATETIME,'SYSTEM',SYSDATETIME,'SYSTEM');
INSERT INTO TC_CMMNCODE(CODE_ID,CODE_ID_NM,CODE_ID_DC,USE_AT,CL_CODE,FRST_REGIST_PNTTM,FRST_REGISTER_ID,LAST_UPDT_PNTTM,LAST_UPDUSR_ID) VALUES ('COM068','처리상태코드','처리상태코드','Y','EFC',SYSDATETIME,'SYSTEM',SYSDATETIME,'SYSTEM');
INSERT INTO TC_CMMNCODE(CODE_ID,CODE_ID_NM,CODE_ID_DC,USE_AT,CL_CODE,FRST_REGIST_PNTTM,FRST_REGISTER_ID,LAST_UPDT_PNTTM,LAST_UPDUSR_ID) VALUES ('COM069','기념일구분','기념일구분','Y','EFC',SYSDATETIME,'SYSTEM',SYSDATETIME,'SYSTEM');
INSERT INTO TC_CMMNCODE(CODE_ID,CODE_ID_NM,CODE_ID_DC,USE_AT,CL_CODE,FRST_REGIST_PNTTM,FRST_REGISTER_ID,LAST_UPDT_PNTTM,LAST_UPDUSR_ID) VALUES ('COM070','위치구분','회의실 위치구분','Y','EFC',SYSDATETIME,'SYSTEM',SYSDATETIME,'SYSTEM');
INSERT INTO TC_CMMNCODE(CODE_ID,CODE_ID_NM,CODE_ID_DC,USE_AT,CL_CODE,FRST_REGIST_PNTTM,FRST_REGISTER_ID,LAST_UPDT_PNTTM,LAST_UPDUSR_ID) VALUES ('COM071','당직체크구분','당직체크구분','Y','EFC',SYSDATETIME,'SYSTEM',SYSDATETIME,'SYSTEM');
INSERT INTO TC_CMMNCODE(CODE_ID,CODE_ID_NM,CODE_ID_DC,USE_AT,CL_CODE,FRST_REGIST_PNTTM,FRST_REGISTER_ID,LAST_UPDT_PNTTM,LAST_UPDUSR_ID) VALUES ('COM072','서비스상태','서비스상태','Y','EFC',SYSDATETIME,'SYSTEM',SYSDATETIME,'SYSTEM');
INSERT INTO TC_CMMNCODE(CODE_ID,CODE_ID_NM,CODE_ID_DC,USE_AT,CL_CODE,FRST_REGIST_PNTTM,FRST_REGISTER_ID,LAST_UPDT_PNTTM,LAST_UPDUSR_ID) VALUES ('COM073','가족관계','가족관계','Y','EFC',SYSDATETIME,'SYSTEM',SYSDATETIME,'SYSTEM');
INSERT INTO TC_CMMNCODE(CODE_ID,CODE_ID_NM,CODE_ID_DC,USE_AT,CL_CODE,FRST_REGIST_PNTTM,FRST_REGISTER_ID,LAST_UPDT_PNTTM,LAST_UPDUSR_ID) VALUES ('COM074','요일구분','요일구분','Y','EFC',SYSDATETIME,'SYSTEM',SYSDATETIME,'SYSTEM');
INSERT INTO TC_CMMNCODE(CODE_ID,CODE_ID_NM,CODE_ID_DC,USE_AT,CL_CODE,FRST_REGIST_PNTTM,FRST_REGISTER_ID,LAST_UPDT_PNTTM,LAST_UPDUSR_ID) VALUES ('COM075','업무구분코드','업무구분코드','Y','EFC',SYSDATETIME,'SYSTEM',SYSDATETIME,'SYSTEM');
INSERT INTO TC_CMMNCODE(CODE_ID,CODE_ID_NM,CODE_ID_DC,USE_AT,CL_CODE,FRST_REGIST_PNTTM,FRST_REGISTER_ID,LAST_UPDT_PNTTM,LAST_UPDUSR_ID) VALUES ('COM076','실행상태구분','실행상태구분','Y','EFC',SYSDATETIME,'SYSTEM',SYSDATETIME,'SYSTEM');
INSERT INTO TC_CMMNCODE(CODE_ID,CODE_ID_NM,CODE_ID_DC,USE_AT,CL_CODE,FRST_REGIST_PNTTM,FRST_REGISTER_ID,LAST_UPDT_PNTTM,LAST_UPDUSR_ID) VALUES ('COM077','부서코드','부서코드','Y','EFC',SYSDATETIME,'ADMIN',SYSDATETIME,'ADMIN');
INSERT INTO TC_CMMNCODE(CODE_ID,CODE_ID_NM,CODE_ID_DC,USE_AT,CL_CODE,FRST_REGIST_PNTTM,FRST_REGISTER_ID,LAST_UPDT_PNTTM,LAST_UPDUSR_ID) VALUES ('COM078','지식유형','지식유형','Y','EFC',SYSDATETIME,'ADMIN',SYSDATETIME,'ADMIN');
INSERT INTO TC_CMMNCODE(CODE_ID,CODE_ID_NM,CODE_ID_DC,USE_AT,CL_CODE,FRST_REGIST_PNTTM,FRST_REGISTER_ID,LAST_UPDT_PNTTM,LAST_UPDUSR_ID) VALUES ('COM079','이슈상태코드','이슈상태코드','Y','EFC',SYSDATETIME,'ADMIN',SYSDATETIME,'ADMIN');
INSERT INTO TC_CMMNCODE(CODE_ID,CODE_ID_NM,CODE_ID_DC,USE_AT,CL_CODE,FRST_REGIST_PNTTM,FRST_REGISTER_ID,LAST_UPDT_PNTTM,LAST_UPDUSR_ID) VALUES ('COM080','이슈수준코드','이슈수준코드','Y','EFC',SYSDATETIME,'ADMIN',SYSDATETIME,'ADMIN');





/* TC_CMMNDETAILCODE */


INSERT INTO TC_CMMNDETAILCODE(CODE_ID,CODE,CODE_NM,CODE_DC,USE_AT,FRST_REGIST_PNTTM,FRST_REGISTER_ID,LAST_UPDT_PNTTM,LAST_UPDUSR_ID) VALUES ('BO001','BIZ001','기초노령','기초노령수급자 관리 배치업무','Y',SYSDATETIME,'ADMIN',SYSDATETIME,NULL);
INSERT INTO TC_CMMNDETAILCODE(CODE_ID,CODE,CODE_NM,CODE_DC,USE_AT,FRST_REGIST_PNTTM,FRST_REGISTER_ID,LAST_UPDT_PNTTM,LAST_UPDUSR_ID) VALUES ('BO001','BIZ002','인사급여','인사발령 및 급여처리 배치업무','Y',SYSDATETIME,'ADMIN',SYSDATETIME,NULL);
INSERT INTO TC_CMMNDETAILCODE(CODE_ID,CODE,CODE_NM,CODE_DC,USE_AT,FRST_REGIST_PNTTM,FRST_REGISTER_ID,LAST_UPDT_PNTTM,LAST_UPDUSR_ID) VALUES ('BO001','BIZ003','도로명주소처리','도로명주소 일괄 반영 배치업무','Y',SYSDATETIME,'ADMIN',SYSDATETIME,NULL);
INSERT INTO TC_CMMNDETAILCODE(CODE_ID,CODE,CODE_NM,CODE_DC,USE_AT,FRST_REGIST_PNTTM,FRST_REGISTER_ID,LAST_UPDT_PNTTM,LAST_UPDUSR_ID) VALUES ('BO001','BIZ004','주민전출입','전출입자 일괄 등록 배치업무','Y',SYSDATETIME,'ADMIN',SYSDATETIME,NULL);
INSERT INTO TC_CMMNDETAILCODE(CODE_ID,CODE,CODE_NM,CODE_DC,USE_AT,FRST_REGIST_PNTTM,FRST_REGISTER_ID,LAST_UPDT_PNTTM,LAST_UPDUSR_ID) VALUES ('BO001','BIZ005','민방위소집훈련','민방위대원 소집통지 및 훈련실적 관리 배치업무','Y',SYSDATETIME,'ADMIN',SYSDATETIME,NULL);
INSERT INTO TC_CMMNDETAILCODE(CODE_ID,CODE,CODE_NM,CODE_DC,USE_AT,FRST_REGIST_PNTTM,FRST_REGISTER_ID,LAST_UPDT_PNTTM,LAST_UPDUSR_ID) VALUES ('BO002','CN','승인','승인','Y',SYSDATETIME,'ADMIN',SYSDATETIME,'ADMIN');
INSERT INTO TC_CMMNDETAILCODE(CODE_ID,CODE,CODE_NM,CODE_DC,USE_AT,FRST_REGIST_PNTTM,FRST_REGISTER_ID,LAST_UPDT_PNTTM,LAST_UPDUSR_ID) VALUES ('BO002','RE','재요청','재요청','Y',SYSDATETIME,'ADMIN',SYSDATETIME,'ADMIN');
INSERT INTO TC_CMMNDETAILCODE(CODE_ID,CODE,CODE_NM,CODE_DC,USE_AT,FRST_REGIST_PNTTM,FRST_REGISTER_ID,LAST_UPDT_PNTTM,LAST_UPDUSR_ID) VALUES ('BO002','RT','반려','반려','Y',SYSDATETIME,'ADMIN',SYSDATETIME,'ADMIN');
INSERT INTO TC_CMMNDETAILCODE(CODE_ID,CODE,CODE_NM,CODE_DC,USE_AT,FRST_REGIST_PNTTM,FRST_REGISTER_ID,LAST_UPDT_PNTTM,LAST_UPDUSR_ID) VALUES ('BO003','CN','승인','승인','Y',SYSDATETIME,'ADMIN',SYSDATETIME,'ADMIN');
INSERT INTO TC_CMMNDETAILCODE(CODE_ID,CODE,CODE_NM,CODE_DC,USE_AT,FRST_REGIST_PNTTM,FRST_REGISTER_ID,LAST_UPDT_PNTTM,LAST_UPDUSR_ID) VALUES ('BO003','RE','재요청','재요청','Y',SYSDATETIME,'ADMIN',SYSDATETIME,'ADMIN');
INSERT INTO TC_CMMNDETAILCODE(CODE_ID,CODE,CODE_NM,CODE_DC,USE_AT,FRST_REGIST_PNTTM,FRST_REGISTER_ID,LAST_UPDT_PNTTM,LAST_UPDUSR_ID) VALUES ('BO003','RT','반려','반려','Y',SYSDATETIME,'ADMIN',SYSDATETIME,'ADMIN');
INSERT INTO TC_CMMNDETAILCODE(CODE_ID,CODE,CODE_NM,CODE_DC,USE_AT,FRST_REGIST_PNTTM,FRST_REGISTER_ID,LAST_UPDT_PNTTM,LAST_UPDUSR_ID) VALUES ('BO004','END','종료','종료','Y',SYSDATETIME,'ADMIN',SYSDATETIME,'ADMIN');
INSERT INTO TC_CMMNDETAILCODE(CODE_ID,CODE,CODE_NM,CODE_DC,USE_AT,FRST_REGIST_PNTTM,FRST_REGISTER_ID,LAST_UPDT_PNTTM,LAST_UPDUSR_ID) VALUES ('BO004','EXE','실행','실행','Y',SYSDATETIME,'ADMIN',SYSDATETIME,'ADMIN');
INSERT INTO TC_CMMNDETAILCODE(CODE_ID,CODE,CODE_NM,CODE_DC,USE_AT,FRST_REGIST_PNTTM,FRST_REGISTER_ID,LAST_UPDT_PNTTM,LAST_UPDUSR_ID) VALUES ('BO004','SRT','시작','시작','Y',SYSDATETIME,'ADMIN',SYSDATETIME,'ADMIN');
INSERT INTO TC_CMMNDETAILCODE(CODE_ID,CODE,CODE_NM,CODE_DC,USE_AT,FRST_REGIST_PNTTM,FRST_REGISTER_ID,LAST_UPDT_PNTTM,LAST_UPDUSR_ID) VALUES ('BO004','STP','중지','중지','Y',SYSDATETIME,'ADMIN',SYSDATETIME,'ADMIN');
INSERT INTO TC_CMMNDETAILCODE(CODE_ID,CODE,CODE_NM,CODE_DC,USE_AT,FRST_REGIST_PNTTM,FRST_REGISTER_ID,LAST_UPDT_PNTTM,LAST_UPDUSR_ID) VALUES ('BO004','WAT','대기','대기','Y',SYSDATETIME,'ADMIN',SYSDATETIME,'ADMIN');
INSERT INTO TC_CMMNDETAILCODE(CODE_ID,CODE,CODE_NM,CODE_DC,USE_AT,FRST_REGIST_PNTTM,FRST_REGISTER_ID,LAST_UPDT_PNTTM,LAST_UPDUSR_ID) VALUES ('BO005','ERR','오류','오류','Y',SYSDATETIME,'ADMIN',SYSDATETIME,'ADMIN');
INSERT INTO TC_CMMNDETAILCODE(CODE_ID,CODE,CODE_NM,CODE_DC,USE_AT,FRST_REGIST_PNTTM,FRST_REGISTER_ID,LAST_UPDT_PNTTM,LAST_UPDUSR_ID) VALUES ('BO005','NRL','정상','정상','Y',SYSDATETIME,'ADMIN',SYSDATETIME,'ADMIN');
INSERT INTO TC_CMMNDETAILCODE(CODE_ID,CODE,CODE_NM,CODE_DC,USE_AT,FRST_REGIST_PNTTM,FRST_REGISTER_ID,LAST_UPDT_PNTTM,LAST_UPDUSR_ID) VALUES ('BO005','STP','중단','중단','Y',SYSDATETIME,'ADMIN',SYSDATETIME,'ADMIN');
INSERT INTO TC_CMMNDETAILCODE(CODE_ID,CODE,CODE_NM,CODE_DC,USE_AT,FRST_REGIST_PNTTM,FRST_REGISTER_ID,LAST_UPDT_PNTTM,LAST_UPDUSR_ID) VALUES ('BO006','C','완료','완료','Y',SYSDATETIME,'ADMIN',SYSDATETIME,'ADMIN');
INSERT INTO TC_CMMNDETAILCODE(CODE_ID,CODE,CODE_NM,CODE_DC,USE_AT,FRST_REGIST_PNTTM,FRST_REGISTER_ID,LAST_UPDT_PNTTM,LAST_UPDUSR_ID) VALUES ('BO006','N','신규등록','신규등록','Y',SYSDATETIME,'ADMIN',SYSDATETIME,'ADMIN');
INSERT INTO TC_CMMNDETAILCODE(CODE_ID,CODE,CODE_NM,CODE_DC,USE_AT,FRST_REGIST_PNTTM,FRST_REGISTER_ID,LAST_UPDT_PNTTM,LAST_UPDUSR_ID) VALUES ('BO006','P','진행','진행','Y',SYSDATETIME,'ADMIN',SYSDATETIME,'ADMIN');
INSERT INTO TC_CMMNDETAILCODE(CODE_ID,CODE,CODE_NM,CODE_DC,USE_AT,FRST_REGIST_PNTTM,FRST_REGISTER_ID,LAST_UPDT_PNTTM,LAST_UPDUSR_ID) VALUES ('BO007','A01','일반업무','일반업무','Y',SYSDATETIME,'ADMIN',SYSDATETIME,'ADMIN');
INSERT INTO TC_CMMNDETAILCODE(CODE_ID,CODE,CODE_NM,CODE_DC,USE_AT,FRST_REGIST_PNTTM,FRST_REGISTER_ID,LAST_UPDT_PNTTM,LAST_UPDUSR_ID) VALUES ('BO007','B01','일반배치업무','일반배치업무','Y',SYSDATETIME,'ADMIN',SYSDATETIME,'ADMIN');
INSERT INTO TC_CMMNDETAILCODE(CODE_ID,CODE,CODE_NM,CODE_DC,USE_AT,FRST_REGIST_PNTTM,FRST_REGISTER_ID,LAST_UPDT_PNTTM,LAST_UPDUSR_ID) VALUES ('BO007','B02','배치운영','배치운영','Y',SYSDATETIME,'ADMIN',SYSDATETIME,'ADMIN');
INSERT INTO TC_CMMNDETAILCODE(CODE_ID,CODE,CODE_NM,CODE_DC,USE_AT,FRST_REGIST_PNTTM,FRST_REGISTER_ID,LAST_UPDT_PNTTM,LAST_UPDUSR_ID) VALUES ('BO007','B03','배치실행','배치실행','Y',SYSDATETIME,'ADMIN',SYSDATETIME,'ADMIN');
INSERT INTO TC_CMMNDETAILCODE(CODE_ID,CODE,CODE_NM,CODE_DC,USE_AT,FRST_REGIST_PNTTM,FRST_REGISTER_ID,LAST_UPDT_PNTTM,LAST_UPDUSR_ID) VALUES ('BO007','F01','일반프레임워크','일반프레임워크','Y',SYSDATETIME,'ADMIN',SYSDATETIME,'ADMIN');
INSERT INTO TC_CMMNDETAILCODE(CODE_ID,CODE,CODE_NM,CODE_DC,USE_AT,FRST_REGIST_PNTTM,FRST_REGISTER_ID,LAST_UPDT_PNTTM,LAST_UPDUSR_ID) VALUES ('BO007','F02','프레임워크운영','프레임워크운영','Y',SYSDATETIME,'ADMIN',SYSDATETIME,'ADMIN');
INSERT INTO TC_CMMNDETAILCODE(CODE_ID,CODE,CODE_NM,CODE_DC,USE_AT,FRST_REGIST_PNTTM,FRST_REGISTER_ID,LAST_UPDT_PNTTM,LAST_UPDUSR_ID) VALUES ('BO007','F03','프레임워크실행','프레임워크실행','Y',SYSDATETIME,'ADMIN',SYSDATETIME,'ADMIN');
INSERT INTO TC_CMMNDETAILCODE(CODE_ID,CODE,CODE_NM,CODE_DC,USE_AT,FRST_REGIST_PNTTM,FRST_REGISTER_ID,LAST_UPDT_PNTTM,LAST_UPDUSR_ID) VALUES ('BO007','M01','일반모바일','일반모바일','Y',SYSDATETIME,'ADMIN',SYSDATETIME,'ADMIN');
INSERT INTO TC_CMMNDETAILCODE(CODE_ID,CODE,CODE_NM,CODE_DC,USE_AT,FRST_REGIST_PNTTM,FRST_REGISTER_ID,LAST_UPDT_PNTTM,LAST_UPDUSR_ID) VALUES ('BO007','M02','모바일운영','모바일운영','Y',SYSDATETIME,'ADMIN',SYSDATETIME,'ADMIN');
INSERT INTO TC_CMMNDETAILCODE(CODE_ID,CODE,CODE_NM,CODE_DC,USE_AT,FRST_REGIST_PNTTM,FRST_REGISTER_ID,LAST_UPDT_PNTTM,LAST_UPDUSR_ID) VALUES ('BO007','M03','모바일실행','모바일실행','Y',SYSDATETIME,'ADMIN',SYSDATETIME,'ADMIN');
INSERT INTO TC_CMMNDETAILCODE(CODE_ID,CODE,CODE_NM,CODE_DC,USE_AT,FRST_REGIST_PNTTM,FRST_REGISTER_ID,LAST_UPDT_PNTTM,LAST_UPDUSR_ID) VALUES ('BO008','A1','실행완료','실행완료','Y',SYSDATETIME,'ADMIN',SYSDATETIME,'ADMIN');
INSERT INTO TC_CMMNDETAILCODE(CODE_ID,CODE,CODE_NM,CODE_DC,USE_AT,FRST_REGIST_PNTTM,FRST_REGISTER_ID,LAST_UPDT_PNTTM,LAST_UPDUSR_ID) VALUES ('BO008','A2','실행오류','실행오류','Y',SYSDATETIME,'ADMIN',SYSDATETIME,'ADMIN');
INSERT INTO TC_CMMNDETAILCODE(CODE_ID,CODE,CODE_NM,CODE_DC,USE_AT,FRST_REGIST_PNTTM,FRST_REGISTER_ID,LAST_UPDT_PNTTM,LAST_UPDUSR_ID) VALUES ('BO009','01','SMS','SMS','Y',SYSDATETIME,'ADMIN',SYSDATETIME,'ADMIN');
INSERT INTO TC_CMMNDETAILCODE(CODE_ID,CODE,CODE_NM,CODE_DC,USE_AT,FRST_REGIST_PNTTM,FRST_REGISTER_ID,LAST_UPDT_PNTTM,LAST_UPDUSR_ID) VALUES ('BO009','02','E-MAIL','E-MAIL','Y',SYSDATETIME,'ADMIN',SYSDATETIME,'ADMIN');
INSERT INTO TC_CMMNDETAILCODE(CODE_ID,CODE,CODE_NM,CODE_DC,USE_AT,FRST_REGIST_PNTTM,FRST_REGISTER_ID,LAST_UPDT_PNTTM,LAST_UPDUSR_ID) VALUES ('BO009','03','팝업알림','팝업알림','Y',SYSDATETIME,'ADMIN',SYSDATETIME,'ADMIN');
INSERT INTO TC_CMMNDETAILCODE(CODE_ID,CODE,CODE_NM,CODE_DC,USE_AT,FRST_REGIST_PNTTM,FRST_REGISTER_ID,LAST_UPDT_PNTTM,LAST_UPDUSR_ID) VALUES ('BO010','1','1점','1점','Y',SYSDATETIME,'ADMIN',SYSDATETIME,'ADMIN');
INSERT INTO TC_CMMNDETAILCODE(CODE_ID,CODE,CODE_NM,CODE_DC,USE_AT,FRST_REGIST_PNTTM,FRST_REGISTER_ID,LAST_UPDT_PNTTM,LAST_UPDUSR_ID) VALUES ('BO010','2','2점','2점','Y',SYSDATETIME,'ADMIN',SYSDATETIME,'ADMIN');
INSERT INTO TC_CMMNDETAILCODE(CODE_ID,CODE,CODE_NM,CODE_DC,USE_AT,FRST_REGIST_PNTTM,FRST_REGISTER_ID,LAST_UPDT_PNTTM,LAST_UPDUSR_ID) VALUES ('BO010','3','3점','3점','Y',SYSDATETIME,'ADMIN',SYSDATETIME,'ADMIN');
INSERT INTO TC_CMMNDETAILCODE(CODE_ID,CODE,CODE_NM,CODE_DC,USE_AT,FRST_REGIST_PNTTM,FRST_REGISTER_ID,LAST_UPDT_PNTTM,LAST_UPDUSR_ID) VALUES ('BO010','4','4점','4점','Y',SYSDATETIME,'ADMIN',SYSDATETIME,'ADMIN');
INSERT INTO TC_CMMNDETAILCODE(CODE_ID,CODE,CODE_NM,CODE_DC,USE_AT,FRST_REGIST_PNTTM,FRST_REGISTER_ID,LAST_UPDT_PNTTM,LAST_UPDUSR_ID) VALUES ('BO010','5','5점','5점','Y',SYSDATETIME,'ADMIN',SYSDATETIME,'ADMIN');
INSERT INTO TC_CMMNDETAILCODE(CODE_ID,CODE,CODE_NM,CODE_DC,USE_AT,FRST_REGIST_PNTTM,FRST_REGISTER_ID,LAST_UPDT_PNTTM,LAST_UPDUSR_ID) VALUES ('BO011','DEL','삭제','데이터 삭제','Y',SYSDATETIME,'SYSTEM',SYSDATETIME,'SYSTEM');
INSERT INTO TC_CMMNDETAILCODE(CODE_ID,CODE,CODE_NM,CODE_DC,USE_AT,FRST_REGIST_PNTTM,FRST_REGISTER_ID,LAST_UPDT_PNTTM,LAST_UPDUSR_ID) VALUES ('BO011','INS','등록','데이터 신규 등록','Y',SYSDATETIME,'SYSTEM',SYSDATETIME,'SYSTEM');
INSERT INTO TC_CMMNDETAILCODE(CODE_ID,CODE,CODE_NM,CODE_DC,USE_AT,FRST_REGIST_PNTTM,FRST_REGISTER_ID,LAST_UPDT_PNTTM,LAST_UPDUSR_ID) VALUES ('BO011','UPT','수정','데이터 수정','Y',SYSDATETIME,'SYSTEM',SYSDATETIME,'SYSTEM');
INSERT INTO TC_CMMNDETAILCODE(CODE_ID,CODE,CODE_NM,CODE_DC,USE_AT,FRST_REGIST_PNTTM,FRST_REGISTER_ID,LAST_UPDT_PNTTM,LAST_UPDUSR_ID) VALUES ('BO012','N','배포대기','배포 대기 상태','Y',SYSDATETIME,'SYSTEM',SYSDATETIME,'SYSTEM');
INSERT INTO TC_CMMNDETAILCODE(CODE_ID,CODE,CODE_NM,CODE_DC,USE_AT,FRST_REGIST_PNTTM,FRST_REGISTER_ID,LAST_UPDT_PNTTM,LAST_UPDUSR_ID) VALUES ('BO012','Y','배포완료','배포 완료 상태','Y',SYSDATETIME,'SYSTEM',SYSDATETIME,'SYSTEM');
INSERT INTO TC_CMMNDETAILCODE(CODE_ID,CODE,CODE_NM,CODE_DC,USE_AT,FRST_REGIST_PNTTM,FRST_REGISTER_ID,LAST_UPDT_PNTTM,LAST_UPDUSR_ID) VALUES ('BO013','N','아니오','아니오','Y',SYSDATETIME,'SYSTEM',SYSDATETIME,'SYSTEM');
INSERT INTO TC_CMMNDETAILCODE(CODE_ID,CODE,CODE_NM,CODE_DC,USE_AT,FRST_REGIST_PNTTM,FRST_REGISTER_ID,LAST_UPDT_PNTTM,LAST_UPDUSR_ID) VALUES ('BO013','Y','예','예','Y',SYSDATETIME,'SYSTEM',SYSDATETIME,'SYSTEM');
INSERT INTO TC_CMMNDETAILCODE(CODE_ID,CODE,CODE_NM,CODE_DC,USE_AT,FRST_REGIST_PNTTM,FRST_REGISTER_ID,LAST_UPDT_PNTTM,LAST_UPDUSR_ID) VALUES ('BO014','B','일반','일반 첨부 파일','Y',SYSDATETIME,'ADMIN',SYSDATETIME,'ADMIN');
INSERT INTO TC_CMMNDETAILCODE(CODE_ID,CODE,CODE_NM,CODE_DC,USE_AT,FRST_REGIST_PNTTM,FRST_REGISTER_ID,LAST_UPDT_PNTTM,LAST_UPDUSR_ID) VALUES ('BO014','P','파라미터','파라미터 파일','Y',SYSDATETIME,'ADMIN',SYSDATETIME,'ADMIN');
INSERT INTO TC_CMMNDETAILCODE(CODE_ID,CODE,CODE_NM,CODE_DC,USE_AT,FRST_REGIST_PNTTM,FRST_REGISTER_ID,LAST_UPDT_PNTTM,LAST_UPDUSR_ID) VALUES ('BO014','S','설정','설정 파일','Y',SYSDATETIME,'ADMIN',SYSDATETIME,'ADMIN');


INSERT INTO TC_CMMNDETAILCODE(CODE_ID,CODE,CODE_NM,CODE_DC,USE_AT,FRST_REGIST_PNTTM,FRST_REGISTER_ID,LAST_UPDT_PNTTM,LAST_UPDUSR_ID) VALUES ('COM001','REGC01','단일 게시판 이용등록','단일 게시판 이용등록','Y',SYSDATETIME,'SYSTEM',SYSDATETIME,'SYSTEM');
INSERT INTO TC_CMMNDETAILCODE(CODE_ID,CODE,CODE_NM,CODE_DC,USE_AT,FRST_REGIST_PNTTM,FRST_REGISTER_ID,LAST_UPDT_PNTTM,LAST_UPDUSR_ID) VALUES ('COM001','REGC02','커뮤니티 등록','커뮤니티 등록','Y',SYSDATETIME,'SYSTEM',SYSDATETIME,'SYSTEM');
INSERT INTO TC_CMMNDETAILCODE(CODE_ID,CODE,CODE_NM,CODE_DC,USE_AT,FRST_REGIST_PNTTM,FRST_REGISTER_ID,LAST_UPDT_PNTTM,LAST_UPDUSR_ID) VALUES ('COM001','REGC03','동호회 등록','동호회 등록','Y',SYSDATETIME,'SYSTEM',SYSDATETIME,'SYSTEM');
INSERT INTO TC_CMMNDETAILCODE(CODE_ID,CODE,CODE_NM,CODE_DC,USE_AT,FRST_REGIST_PNTTM,FRST_REGISTER_ID,LAST_UPDT_PNTTM,LAST_UPDUSR_ID) VALUES ('COM001','REGC04','명함등록','명함등록','Y',SYSDATETIME,'SYSTEM',SYSDATETIME,'SYSTEM');
INSERT INTO TC_CMMNDETAILCODE(CODE_ID,CODE,CODE_NM,CODE_DC,USE_AT,FRST_REGIST_PNTTM,FRST_REGISTER_ID,LAST_UPDT_PNTTM,LAST_UPDUSR_ID) VALUES ('COM001','REGC05','동호회 게시판 등록','동호회 게시판 등록','Y',SYSDATETIME,'SYSTEM',SYSDATETIME,'SYSTEM');
INSERT INTO TC_CMMNDETAILCODE(CODE_ID,CODE,CODE_NM,CODE_DC,USE_AT,FRST_REGIST_PNTTM,FRST_REGISTER_ID,LAST_UPDT_PNTTM,LAST_UPDUSR_ID) VALUES ('COM001','REGC06','커뮤니티 게시판 등록','커뮤니티 게시판 등록','Y',SYSDATETIME,'SYSTEM',SYSDATETIME,'SYSTEM');
INSERT INTO TC_CMMNDETAILCODE(CODE_ID,CODE,CODE_NM,CODE_DC,USE_AT,FRST_REGIST_PNTTM,FRST_REGISTER_ID,LAST_UPDT_PNTTM,LAST_UPDUSR_ID) VALUES ('COM001','REGC07','게시판사용자등록','게시판사용자등록','Y',SYSDATETIME,'SYSTEM',SYSDATETIME,'SYSTEM');
INSERT INTO TC_CMMNDETAILCODE(CODE_ID,CODE,CODE_NM,CODE_DC,USE_AT,FRST_REGIST_PNTTM,FRST_REGISTER_ID,LAST_UPDT_PNTTM,LAST_UPDUSR_ID) VALUES ('COM002','HIST01','소프트웨어패치','소프트웨어패치','Y',SYSDATETIME,'SYSTEM',SYSDATETIME,'SYSTEM');
INSERT INTO TC_CMMNDETAILCODE(CODE_ID,CODE,CODE_NM,CODE_DC,USE_AT,FRST_REGIST_PNTTM,FRST_REGISTER_ID,LAST_UPDT_PNTTM,LAST_UPDUSR_ID) VALUES ('COM002','HIST02','소프트웨어설치','소프트웨어설치','Y',SYSDATETIME,'SYSTEM',SYSDATETIME,'SYSTEM');
INSERT INTO TC_CMMNDETAILCODE(CODE_ID,CODE,CODE_NM,CODE_DC,USE_AT,FRST_REGIST_PNTTM,FRST_REGISTER_ID,LAST_UPDT_PNTTM,LAST_UPDUSR_ID) VALUES ('COM002','HIST03','소프트웨어삭제','소프트웨어삭제','Y',SYSDATETIME,'SYSTEM',SYSDATETIME,'SYSTEM');
INSERT INTO TC_CMMNDETAILCODE(CODE_ID,CODE,CODE_NM,CODE_DC,USE_AT,FRST_REGIST_PNTTM,FRST_REGISTER_ID,LAST_UPDT_PNTTM,LAST_UPDUSR_ID) VALUES ('COM002','HIST04','하드웨어업그레이드','하드웨어업그레이드','Y',SYSDATETIME,'SYSTEM',SYSDATETIME,'SYSTEM');
INSERT INTO TC_CMMNDETAILCODE(CODE_ID,CODE,CODE_NM,CODE_DC,USE_AT,FRST_REGIST_PNTTM,FRST_REGISTER_ID,LAST_UPDT_PNTTM,LAST_UPDUSR_ID) VALUES ('COM002','HIST05','하드웨어삭제','하드웨어삭제','Y',SYSDATETIME,'SYSTEM',SYSDATETIME,'SYSTEM');
INSERT INTO TC_CMMNDETAILCODE(CODE_ID,CODE,CODE_NM,CODE_DC,USE_AT,FRST_REGIST_PNTTM,FRST_REGISTER_ID,LAST_UPDT_PNTTM,LAST_UPDUSR_ID) VALUES ('COM003','BBS','게시판','게시판','Y',SYSDATETIME,'SYSTEM',SYSDATETIME,'SYSTEM');
INSERT INTO TC_CMMNDETAILCODE(CODE_ID,CODE,CODE_NM,CODE_DC,USE_AT,FRST_REGIST_PNTTM,FRST_REGISTER_ID,LAST_UPDT_PNTTM,LAST_UPDUSR_ID) VALUES ('COM003','CLB','동호회','동호회','Y',SYSDATETIME,'SYSTEM',SYSDATETIME,'SYSTEM');
INSERT INTO TC_CMMNDETAILCODE(CODE_ID,CODE,CODE_NM,CODE_DC,USE_AT,FRST_REGIST_PNTTM,FRST_REGISTER_ID,LAST_UPDT_PNTTM,LAST_UPDUSR_ID) VALUES ('COM003','CMY','커뮤니티','커뮤니티','Y',SYSDATETIME,'SYSTEM',SYSDATETIME,'SYSTEM');
INSERT INTO TC_CMMNDETAILCODE(CODE_ID,CODE,CODE_NM,CODE_DC,USE_AT,FRST_REGIST_PNTTM,FRST_REGISTER_ID,LAST_UPDT_PNTTM,LAST_UPDUSR_ID) VALUES ('COM003','NCD','명함','명함','Y',SYSDATETIME,'SYSTEM',SYSDATETIME,'SYSTEM');
INSERT INTO TC_CMMNDETAILCODE(CODE_ID,CODE,CODE_NM,CODE_DC,USE_AT,FRST_REGIST_PNTTM,FRST_REGISTER_ID,LAST_UPDT_PNTTM,LAST_UPDUSR_ID) VALUES ('COM004','BBST01','일반게시판','일반게시판','Y',SYSDATETIME,'SYSTEM',SYSDATETIME,'SYSTEM');
INSERT INTO TC_CMMNDETAILCODE(CODE_ID,CODE,CODE_NM,CODE_DC,USE_AT,FRST_REGIST_PNTTM,FRST_REGISTER_ID,LAST_UPDT_PNTTM,LAST_UPDUSR_ID) VALUES ('COM004','BBST02','익명게시판','익명게시판','Y',SYSDATETIME,'SYSTEM',SYSDATETIME,'SYSTEM');
INSERT INTO TC_CMMNDETAILCODE(CODE_ID,CODE,CODE_NM,CODE_DC,USE_AT,FRST_REGIST_PNTTM,FRST_REGISTER_ID,LAST_UPDT_PNTTM,LAST_UPDUSR_ID) VALUES ('COM004','BBST03','공지게시판','공지게시판','Y',SYSDATETIME,'SYSTEM',SYSDATETIME,'SYSTEM');
INSERT INTO TC_CMMNDETAILCODE(CODE_ID,CODE,CODE_NM,CODE_DC,USE_AT,FRST_REGIST_PNTTM,FRST_REGISTER_ID,LAST_UPDT_PNTTM,LAST_UPDUSR_ID) VALUES ('COM004','BBST04','방명록','방명록','Y',SYSDATETIME,'SYSTEM',SYSDATETIME,'SYSTEM');
INSERT INTO TC_CMMNDETAILCODE(CODE_ID,CODE,CODE_NM,CODE_DC,USE_AT,FRST_REGIST_PNTTM,FRST_REGISTER_ID,LAST_UPDT_PNTTM,LAST_UPDUSR_ID) VALUES ('COM005','TMPT01','게시판템플릿','게시판템플릿','Y',SYSDATETIME,'SYSTEM',SYSDATETIME,'SYSTEM');
INSERT INTO TC_CMMNDETAILCODE(CODE_ID,CODE,CODE_NM,CODE_DC,USE_AT,FRST_REGIST_PNTTM,FRST_REGISTER_ID,LAST_UPDT_PNTTM,LAST_UPDUSR_ID) VALUES ('COM005','TMPT02','커뮤니티템플릿','커뮤니티템플릿','Y',SYSDATETIME,'SYSTEM',SYSDATETIME,'SYSTEM');
INSERT INTO TC_CMMNDETAILCODE(CODE_ID,CODE,CODE_NM,CODE_DC,USE_AT,FRST_REGIST_PNTTM,FRST_REGISTER_ID,LAST_UPDT_PNTTM,LAST_UPDUSR_ID) VALUES ('COM005','TMPT03','동호회템플릿','동호회템플릿','Y',SYSDATETIME,'SYSTEM',SYSDATETIME,'SYSTEM');
INSERT INTO TC_CMMNDETAILCODE(CODE_ID,CODE,CODE_NM,CODE_DC,USE_AT,FRST_REGIST_PNTTM,FRST_REGISTER_ID,LAST_UPDT_PNTTM,LAST_UPDUSR_ID) VALUES ('COM006','CF01','커뮤니티등록','커뮤니티등록','Y',SYSDATETIME,'SYSTEM',SYSDATETIME,'SYSTEM');
INSERT INTO TC_CMMNDETAILCODE(CODE_ID,CODE,CODE_NM,CODE_DC,USE_AT,FRST_REGIST_PNTTM,FRST_REGISTER_ID,LAST_UPDT_PNTTM,LAST_UPDUSR_ID) VALUES ('COM006','CF02','커뮤니티삭제','커뮤니티삭제','Y',SYSDATETIME,'SYSTEM',SYSDATETIME,'SYSTEM');
INSERT INTO TC_CMMNDETAILCODE(CODE_ID,CODE,CODE_NM,CODE_DC,USE_AT,FRST_REGIST_PNTTM,FRST_REGISTER_ID,LAST_UPDT_PNTTM,LAST_UPDUSR_ID) VALUES ('COM006','CF03','동호회등록','동호회등록','Y',SYSDATETIME,'SYSTEM',SYSDATETIME,'SYSTEM');
INSERT INTO TC_CMMNDETAILCODE(CODE_ID,CODE,CODE_NM,CODE_DC,USE_AT,FRST_REGIST_PNTTM,FRST_REGISTER_ID,LAST_UPDT_PNTTM,LAST_UPDUSR_ID) VALUES ('COM006','CF04','동호회삭제','동호회삭제','Y',SYSDATETIME,'SYSTEM',SYSDATETIME,'SYSTEM');
INSERT INTO TC_CMMNDETAILCODE(CODE_ID,CODE,CODE_NM,CODE_DC,USE_AT,FRST_REGIST_PNTTM,FRST_REGISTER_ID,LAST_UPDT_PNTTM,LAST_UPDUSR_ID) VALUES ('COM006','CF05','커뮤니티운영자등록','커뮤니티운영자등록','Y',SYSDATETIME,'SYSTEM',SYSDATETIME,'SYSTEM');
INSERT INTO TC_CMMNDETAILCODE(CODE_ID,CODE,CODE_NM,CODE_DC,USE_AT,FRST_REGIST_PNTTM,FRST_REGISTER_ID,LAST_UPDT_PNTTM,LAST_UPDUSR_ID) VALUES ('COM006','CF06','커뮤니티운영자삭제','커뮤니티운영자삭제','Y',SYSDATETIME,'SYSTEM',SYSDATETIME,'SYSTEM');
INSERT INTO TC_CMMNDETAILCODE(CODE_ID,CODE,CODE_NM,CODE_DC,USE_AT,FRST_REGIST_PNTTM,FRST_REGISTER_ID,LAST_UPDT_PNTTM,LAST_UPDUSR_ID) VALUES ('COM006','CF07','동호회운영자등록','동호회운영자등록','Y',SYSDATETIME,'SYSTEM',SYSDATETIME,'SYSTEM');
INSERT INTO TC_CMMNDETAILCODE(CODE_ID,CODE,CODE_NM,CODE_DC,USE_AT,FRST_REGIST_PNTTM,FRST_REGISTER_ID,LAST_UPDT_PNTTM,LAST_UPDUSR_ID) VALUES ('COM006','CF08','동호회운영자삭제','동호회운영자삭제','Y',SYSDATETIME,'SYSTEM',SYSDATETIME,'SYSTEM');
INSERT INTO TC_CMMNDETAILCODE(CODE_ID,CODE,CODE_NM,CODE_DC,USE_AT,FRST_REGIST_PNTTM,FRST_REGISTER_ID,LAST_UPDT_PNTTM,LAST_UPDUSR_ID) VALUES ('COM006','CF09','게시판이용등록','게시판이용등록','Y',SYSDATETIME,'SYSTEM',SYSDATETIME,'SYSTEM');
INSERT INTO TC_CMMNDETAILCODE(CODE_ID,CODE,CODE_NM,CODE_DC,USE_AT,FRST_REGIST_PNTTM,FRST_REGISTER_ID,LAST_UPDT_PNTTM,LAST_UPDUSR_ID) VALUES ('COM006','CF10','게시판삭제','게시판삭제','Y',SYSDATETIME,'SYSTEM',SYSDATETIME,'SYSTEM');
INSERT INTO TC_CMMNDETAILCODE(CODE_ID,CODE,CODE_NM,CODE_DC,USE_AT,FRST_REGIST_PNTTM,FRST_REGISTER_ID,LAST_UPDT_PNTTM,LAST_UPDUSR_ID) VALUES ('COM006','CF11','커뮤니티사용자등록','커뮤니티사용자등록','Y',SYSDATETIME,'SYSTEM',SYSDATETIME,'SYSTEM');
INSERT INTO TC_CMMNDETAILCODE(CODE_ID,CODE,CODE_NM,CODE_DC,USE_AT,FRST_REGIST_PNTTM,FRST_REGISTER_ID,LAST_UPDT_PNTTM,LAST_UPDUSR_ID) VALUES ('COM006','CF12','커뮤니티사용자탈퇴','커뮤니티사용자탈퇴','Y',SYSDATETIME,'SYSTEM',SYSDATETIME,'SYSTEM');
INSERT INTO TC_CMMNDETAILCODE(CODE_ID,CODE,CODE_NM,CODE_DC,USE_AT,FRST_REGIST_PNTTM,FRST_REGISTER_ID,LAST_UPDT_PNTTM,LAST_UPDUSR_ID) VALUES ('COM006','CF13','동호회사용자등록','동호회사용자등록','Y',SYSDATETIME,'SYSTEM',SYSDATETIME,'SYSTEM');
INSERT INTO TC_CMMNDETAILCODE(CODE_ID,CODE,CODE_NM,CODE_DC,USE_AT,FRST_REGIST_PNTTM,FRST_REGISTER_ID,LAST_UPDT_PNTTM,LAST_UPDUSR_ID) VALUES ('COM006','CF14','동호회사용자탈퇴','동호회사용자탈퇴','Y',SYSDATETIME,'SYSTEM',SYSDATETIME,'SYSTEM');
INSERT INTO TC_CMMNDETAILCODE(CODE_ID,CODE,CODE_NM,CODE_DC,USE_AT,FRST_REGIST_PNTTM,FRST_REGISTER_ID,LAST_UPDT_PNTTM,LAST_UPDUSR_ID) VALUES ('COM007','AP01','승인요청','승인요청','Y',SYSDATETIME,'SYSTEM',SYSDATETIME,'SYSTEM');
INSERT INTO TC_CMMNDETAILCODE(CODE_ID,CODE,CODE_NM,CODE_DC,USE_AT,FRST_REGIST_PNTTM,FRST_REGISTER_ID,LAST_UPDT_PNTTM,LAST_UPDUSR_ID) VALUES ('COM007','AP02','승인허가','승인허가','Y',SYSDATETIME,'SYSTEM',SYSDATETIME,'SYSTEM');
INSERT INTO TC_CMMNDETAILCODE(CODE_ID,CODE,CODE_NM,CODE_DC,USE_AT,FRST_REGIST_PNTTM,FRST_REGISTER_ID,LAST_UPDT_PNTTM,LAST_UPDUSR_ID) VALUES ('COM007','AP03','승인반려','승인반려','Y',SYSDATETIME,'SYSTEM',SYSDATETIME,'SYSTEM');
INSERT INTO TC_CMMNDETAILCODE(CODE_ID,CODE,CODE_NM,CODE_DC,USE_AT,FRST_REGIST_PNTTM,FRST_REGISTER_ID,LAST_UPDT_PNTTM,LAST_UPDUSR_ID) VALUES ('COM008','S01','전송요청','전송요청','Y',SYSDATETIME,'SYSTEM',SYSDATETIME,'SYSTEM');
INSERT INTO TC_CMMNDETAILCODE(CODE_ID,CODE,CODE_NM,CODE_DC,USE_AT,FRST_REGIST_PNTTM,FRST_REGISTER_ID,LAST_UPDT_PNTTM,LAST_UPDUSR_ID) VALUES ('COM008','S02','전송완료','전송완료','Y',SYSDATETIME,'SYSTEM',SYSDATETIME,'SYSTEM');
INSERT INTO TC_CMMNDETAILCODE(CODE_ID,CODE,CODE_NM,CODE_DC,USE_AT,FRST_REGIST_PNTTM,FRST_REGISTER_ID,LAST_UPDT_PNTTM,LAST_UPDUSR_ID) VALUES ('COM008','S03','전송실패','전송실패','Y',SYSDATETIME,'SYSTEM',SYSDATETIME,'SYSTEM');
INSERT INTO TC_CMMNDETAILCODE(CODE_ID,CODE,CODE_NM,CODE_DC,USE_AT,FRST_REGIST_PNTTM,FRST_REGISTER_ID,LAST_UPDT_PNTTM,LAST_UPDUSR_ID) VALUES ('COM008','S04','수신요청','수신요청','Y',SYSDATETIME,'SYSTEM',SYSDATETIME,'SYSTEM');
INSERT INTO TC_CMMNDETAILCODE(CODE_ID,CODE,CODE_NM,CODE_DC,USE_AT,FRST_REGIST_PNTTM,FRST_REGISTER_ID,LAST_UPDT_PNTTM,LAST_UPDUSR_ID) VALUES ('COM008','S05','수신완료','수신완료','Y',SYSDATETIME,'SYSTEM',SYSDATETIME,'SYSTEM');
INSERT INTO TC_CMMNDETAILCODE(CODE_ID,CODE,CODE_NM,CODE_DC,USE_AT,FRST_REGIST_PNTTM,FRST_REGISTER_ID,LAST_UPDT_PNTTM,LAST_UPDUSR_ID) VALUES ('COM008','S06','수신실패','수신실패','Y',SYSDATETIME,'SYSTEM',SYSDATETIME,'SYSTEM');
INSERT INTO TC_CMMNDETAILCODE(CODE_ID,CODE,CODE_NM,CODE_DC,USE_AT,FRST_REGIST_PNTTM,FRST_REGISTER_ID,LAST_UPDT_PNTTM,LAST_UPDUSR_ID) VALUES ('COM009','BBSA01','유효게시판','유효게시판','Y',SYSDATETIME,'SYSTEM',SYSDATETIME,'SYSTEM');
INSERT INTO TC_CMMNDETAILCODE(CODE_ID,CODE,CODE_NM,CODE_DC,USE_AT,FRST_REGIST_PNTTM,FRST_REGISTER_ID,LAST_UPDT_PNTTM,LAST_UPDUSR_ID) VALUES ('COM009','BBSA02','갤러리','갤러리','Y',SYSDATETIME,'SYSTEM',SYSDATETIME,'SYSTEM');
INSERT INTO TC_CMMNDETAILCODE(CODE_ID,CODE,CODE_NM,CODE_DC,USE_AT,FRST_REGIST_PNTTM,FRST_REGISTER_ID,LAST_UPDT_PNTTM,LAST_UPDUSR_ID) VALUES ('COM009','BBSA03','일반게시판','일반게시판','Y',SYSDATETIME,'SYSTEM',SYSDATETIME,'SYSTEM');
INSERT INTO TC_CMMNDETAILCODE(CODE_ID,CODE,CODE_NM,CODE_DC,USE_AT,FRST_REGIST_PNTTM,FRST_REGISTER_ID,LAST_UPDT_PNTTM,LAST_UPDUSR_ID) VALUES ('COM010','PRVA001','어플리케이션 관련 권한','어플리케이션 관련 권한','Y',SYSDATETIME,'SYSTEM',SYSDATETIME,'SYSTEM');
INSERT INTO TC_CMMNDETAILCODE(CODE_ID,CODE,CODE_NM,CODE_DC,USE_AT,FRST_REGIST_PNTTM,FRST_REGISTER_ID,LAST_UPDT_PNTTM,LAST_UPDUSR_ID) VALUES ('COM010','PRVB001','게시판 관련 권한','게시판 관련 권한','Y',SYSDATETIME,'SYSTEM',SYSDATETIME,'SYSTEM');
INSERT INTO TC_CMMNDETAILCODE(CODE_ID,CODE,CODE_NM,CODE_DC,USE_AT,FRST_REGIST_PNTTM,FRST_REGISTER_ID,LAST_UPDT_PNTTM,LAST_UPDUSR_ID) VALUES ('COM010','PRVC001','커뮤니티 관련 권한','커뮤니티 관련 권한','Y',SYSDATETIME,'SYSTEM',SYSDATETIME,'SYSTEM');
INSERT INTO TC_CMMNDETAILCODE(CODE_ID,CODE,CODE_NM,CODE_DC,USE_AT,FRST_REGIST_PNTTM,FRST_REGISTER_ID,LAST_UPDT_PNTTM,LAST_UPDUSR_ID) VALUES ('COM010','PRVD001','데이터베이스 관련 권한','데이터베이스 관련 권한','Y',SYSDATETIME,'SYSTEM',SYSDATETIME,'SYSTEM');
INSERT INTO TC_CMMNDETAILCODE(CODE_ID,CODE,CODE_NM,CODE_DC,USE_AT,FRST_REGIST_PNTTM,FRST_REGISTER_ID,LAST_UPDT_PNTTM,LAST_UPDUSR_ID) VALUES ('COM010','PRVS001','시스템 관련 권한(최상위 권한)','시스템 관련 권한(최상위 권한)','Y',SYSDATETIME,'SYSTEM',SYSDATETIME,'SYSTEM');
INSERT INTO TC_CMMNDETAILCODE(CODE_ID,CODE,CODE_NM,CODE_DC,USE_AT,FRST_REGIST_PNTTM,FRST_REGISTER_ID,LAST_UPDT_PNTTM,LAST_UPDUSR_ID) VALUES ('COM010','PRVU001','사용자 관련 권한','사용자 관련 권한','Y',SYSDATETIME,'SYSTEM',SYSDATETIME,'SYSTEM');
INSERT INTO TC_CMMNDETAILCODE(CODE_ID,CODE,CODE_NM,CODE_DC,USE_AT,FRST_REGIST_PNTTM,FRST_REGISTER_ID,LAST_UPDT_PNTTM,LAST_UPDUSR_ID) VALUES ('COM011','ROLA001','어플리케이션 관련 최상위 롤','어플리케이션 관련 최상위 롤','Y',SYSDATETIME,'SYSTEM',SYSDATETIME,'SYSTEM');
INSERT INTO TC_CMMNDETAILCODE(CODE_ID,CODE,CODE_NM,CODE_DC,USE_AT,FRST_REGIST_PNTTM,FRST_REGISTER_ID,LAST_UPDT_PNTTM,LAST_UPDUSR_ID) VALUES ('COM011','ROLA002','업무 어플리케이션 접근 롤','업무 어플리케이션 접근 롤','Y',SYSDATETIME,'SYSTEM',SYSDATETIME,'SYSTEM');
INSERT INTO TC_CMMNDETAILCODE(CODE_ID,CODE,CODE_NM,CODE_DC,USE_AT,FRST_REGIST_PNTTM,FRST_REGISTER_ID,LAST_UPDT_PNTTM,LAST_UPDUSR_ID) VALUES ('COM011','ROLA003','업무 어플리케이션 관리 롤','업무 어플리케이션 관리 롤','Y',SYSDATETIME,'SYSTEM',SYSDATETIME,'SYSTEM');
INSERT INTO TC_CMMNDETAILCODE(CODE_ID,CODE,CODE_NM,CODE_DC,USE_AT,FRST_REGIST_PNTTM,FRST_REGISTER_ID,LAST_UPDT_PNTTM,LAST_UPDUSR_ID) VALUES ('COM011','ROLA004','일반 어플리케이션 접근 롤','일반 어플리케이션 접근 롤','Y',SYSDATETIME,'SYSTEM',SYSDATETIME,'SYSTEM');
INSERT INTO TC_CMMNDETAILCODE(CODE_ID,CODE,CODE_NM,CODE_DC,USE_AT,FRST_REGIST_PNTTM,FRST_REGISTER_ID,LAST_UPDT_PNTTM,LAST_UPDUSR_ID) VALUES ('COM011','ROLA005','일반 어프리케이션 관리 롤','일반 어프리케이션 관리 롤','Y',SYSDATETIME,'SYSTEM',SYSDATETIME,'SYSTEM');
INSERT INTO TC_CMMNDETAILCODE(CODE_ID,CODE,CODE_NM,CODE_DC,USE_AT,FRST_REGIST_PNTTM,FRST_REGISTER_ID,LAST_UPDT_PNTTM,LAST_UPDUSR_ID) VALUES ('COM011','ROLA006','어플리케이션 약관 관리 롤','어플리케이션 약관 관리 롤','Y',SYSDATETIME,'SYSTEM',SYSDATETIME,'SYSTEM');
INSERT INTO TC_CMMNDETAILCODE(CODE_ID,CODE,CODE_NM,CODE_DC,USE_AT,FRST_REGIST_PNTTM,FRST_REGISTER_ID,LAST_UPDT_PNTTM,LAST_UPDUSR_ID) VALUES ('COM011','ROLA007','어플리케이션 저작권 관리 롤','어플리케이션 저작권 관리 롤','Y',SYSDATETIME,'SYSTEM',SYSDATETIME,'SYSTEM');
INSERT INTO TC_CMMNDETAILCODE(CODE_ID,CODE,CODE_NM,CODE_DC,USE_AT,FRST_REGIST_PNTTM,FRST_REGISTER_ID,LAST_UPDT_PNTTM,LAST_UPDUSR_ID) VALUES ('COM011','ROLA008','통계 및 보고서 접근 롤','통계 및 보고서 접근 롤','Y',SYSDATETIME,'SYSTEM',SYSDATETIME,'SYSTEM');
INSERT INTO TC_CMMNDETAILCODE(CODE_ID,CODE,CODE_NM,CODE_DC,USE_AT,FRST_REGIST_PNTTM,FRST_REGISTER_ID,LAST_UPDT_PNTTM,LAST_UPDUSR_ID) VALUES ('COM011','ROLB001','게시판 관련 최상위 롤','게시판 관련 최상위 롤','Y',SYSDATETIME,'SYSTEM',SYSDATETIME,'SYSTEM');
INSERT INTO TC_CMMNDETAILCODE(CODE_ID,CODE,CODE_NM,CODE_DC,USE_AT,FRST_REGIST_PNTTM,FRST_REGISTER_ID,LAST_UPDT_PNTTM,LAST_UPDUSR_ID) VALUES ('COM011','ROLB002','게시판 생성 롤','게시판 생성 롤','Y',SYSDATETIME,'SYSTEM',SYSDATETIME,'SYSTEM');
INSERT INTO TC_CMMNDETAILCODE(CODE_ID,CODE,CODE_NM,CODE_DC,USE_AT,FRST_REGIST_PNTTM,FRST_REGISTER_ID,LAST_UPDT_PNTTM,LAST_UPDUSR_ID) VALUES ('COM011','ROLB003','게시판 접근 롤','게시판 접근 롤','Y',SYSDATETIME,'SYSTEM',SYSDATETIME,'SYSTEM');
INSERT INTO TC_CMMNDETAILCODE(CODE_ID,CODE,CODE_NM,CODE_DC,USE_AT,FRST_REGIST_PNTTM,FRST_REGISTER_ID,LAST_UPDT_PNTTM,LAST_UPDUSR_ID) VALUES ('COM011','ROLB004','게시판 글쓰기 롤','게시판 글쓰기 롤','Y',SYSDATETIME,'SYSTEM',SYSDATETIME,'SYSTEM');
INSERT INTO TC_CMMNDETAILCODE(CODE_ID,CODE,CODE_NM,CODE_DC,USE_AT,FRST_REGIST_PNTTM,FRST_REGISTER_ID,LAST_UPDT_PNTTM,LAST_UPDUSR_ID) VALUES ('COM011','ROLB005','게시판 글 수정/삭제 롤','게시판 글 수정/삭제 롤','Y',SYSDATETIME,'SYSTEM',SYSDATETIME,'SYSTEM');
INSERT INTO TC_CMMNDETAILCODE(CODE_ID,CODE,CODE_NM,CODE_DC,USE_AT,FRST_REGIST_PNTTM,FRST_REGISTER_ID,LAST_UPDT_PNTTM,LAST_UPDUSR_ID) VALUES ('COM011','ROLC001','커뮤니티 관련 최상위 롤','커뮤니티 관련 최상위 롤','Y',SYSDATETIME,'SYSTEM',SYSDATETIME,'SYSTEM');
INSERT INTO TC_CMMNDETAILCODE(CODE_ID,CODE,CODE_NM,CODE_DC,USE_AT,FRST_REGIST_PNTTM,FRST_REGISTER_ID,LAST_UPDT_PNTTM,LAST_UPDUSR_ID) VALUES ('COM011','ROLC002','커뮤니티 생성 롤','커뮤니티 생성 롤','Y',SYSDATETIME,'SYSTEM',SYSDATETIME,'SYSTEM');
INSERT INTO TC_CMMNDETAILCODE(CODE_ID,CODE,CODE_NM,CODE_DC,USE_AT,FRST_REGIST_PNTTM,FRST_REGISTER_ID,LAST_UPDT_PNTTM,LAST_UPDUSR_ID) VALUES ('COM011','ROLC003','커뮤니티 접근 롤','커뮤니티 접근 롤','Y',SYSDATETIME,'SYSTEM',SYSDATETIME,'SYSTEM');
INSERT INTO TC_CMMNDETAILCODE(CODE_ID,CODE,CODE_NM,CODE_DC,USE_AT,FRST_REGIST_PNTTM,FRST_REGISTER_ID,LAST_UPDT_PNTTM,LAST_UPDUSR_ID) VALUES ('COM011','ROLC004','커뮤니티 글쓰기 롤','커뮤니티 글쓰기 롤','Y',SYSDATETIME,'SYSTEM',SYSDATETIME,'SYSTEM');
INSERT INTO TC_CMMNDETAILCODE(CODE_ID,CODE,CODE_NM,CODE_DC,USE_AT,FRST_REGIST_PNTTM,FRST_REGISTER_ID,LAST_UPDT_PNTTM,LAST_UPDUSR_ID) VALUES ('COM011','ROLC005','커뮤니티 글 수정/삭제 롤','커뮤니티 글 수정/삭제 롤','Y',SYSDATETIME,'SYSTEM',SYSDATETIME,'SYSTEM');
INSERT INTO TC_CMMNDETAILCODE(CODE_ID,CODE,CODE_NM,CODE_DC,USE_AT,FRST_REGIST_PNTTM,FRST_REGISTER_ID,LAST_UPDT_PNTTM,LAST_UPDUSR_ID) VALUES ('COM011','ROLC006','파일 업로드 롤','파일 업로드 롤','Y',SYSDATETIME,'SYSTEM',SYSDATETIME,'SYSTEM');
INSERT INTO TC_CMMNDETAILCODE(CODE_ID,CODE,CODE_NM,CODE_DC,USE_AT,FRST_REGIST_PNTTM,FRST_REGISTER_ID,LAST_UPDT_PNTTM,LAST_UPDUSR_ID) VALUES ('COM011','ROLD001','데이터베이스 관련 최상위 롤','데이터베이스 관련 최상위 롤','Y',SYSDATETIME,'SYSTEM',SYSDATETIME,'SYSTEM');
INSERT INTO TC_CMMNDETAILCODE(CODE_ID,CODE,CODE_NM,CODE_DC,USE_AT,FRST_REGIST_PNTTM,FRST_REGISTER_ID,LAST_UPDT_PNTTM,LAST_UPDUSR_ID) VALUES ('COM011','ROLD002','데이터베이스 스키마 등록/변경 롤','데이터베이스 스키마 등록/변경 롤','Y',SYSDATETIME,'SYSTEM',SYSDATETIME,'SYSTEM');
INSERT INTO TC_CMMNDETAILCODE(CODE_ID,CODE,CODE_NM,CODE_DC,USE_AT,FRST_REGIST_PNTTM,FRST_REGISTER_ID,LAST_UPDT_PNTTM,LAST_UPDUSR_ID) VALUES ('COM011','ROLD003','데이터 조회 롤','데이터 조회 롤','Y',SYSDATETIME,'SYSTEM',SYSDATETIME,'SYSTEM');
INSERT INTO TC_CMMNDETAILCODE(CODE_ID,CODE,CODE_NM,CODE_DC,USE_AT,FRST_REGIST_PNTTM,FRST_REGISTER_ID,LAST_UPDT_PNTTM,LAST_UPDUSR_ID) VALUES ('COM011','ROLD004','데이터 등록/변경 롤','데이터 등록/변경 롤','Y',SYSDATETIME,'SYSTEM',SYSDATETIME,'SYSTEM');
INSERT INTO TC_CMMNDETAILCODE(CODE_ID,CODE,CODE_NM,CODE_DC,USE_AT,FRST_REGIST_PNTTM,FRST_REGISTER_ID,LAST_UPDT_PNTTM,LAST_UPDUSR_ID) VALUES ('COM011','ROLS001','시스템 관리 최상위 롤','시스템 관리 최상위 롤','Y',SYSDATETIME,'SYSTEM',SYSDATETIME,'SYSTEM');
INSERT INTO TC_CMMNDETAILCODE(CODE_ID,CODE,CODE_NM,CODE_DC,USE_AT,FRST_REGIST_PNTTM,FRST_REGISTER_ID,LAST_UPDT_PNTTM,LAST_UPDUSR_ID) VALUES ('COM011','ROLS002','시스템 접근(VIEW) 롤','시스템 접근(VIEW) 롤','Y',SYSDATETIME,'SYSTEM',SYSDATETIME,'SYSTEM');
INSERT INTO TC_CMMNDETAILCODE(CODE_ID,CODE,CODE_NM,CODE_DC,USE_AT,FRST_REGIST_PNTTM,FRST_REGISTER_ID,LAST_UPDT_PNTTM,LAST_UPDUSR_ID) VALUES ('COM011','ROLS003','시스템 설정 등록/변경 롤','시스템 설정 등록/변경 롤','Y',SYSDATETIME,'SYSTEM',SYSDATETIME,'SYSTEM');
INSERT INTO TC_CMMNDETAILCODE(CODE_ID,CODE,CODE_NM,CODE_DC,USE_AT,FRST_REGIST_PNTTM,FRST_REGISTER_ID,LAST_UPDT_PNTTM,LAST_UPDUSR_ID) VALUES ('COM011','ROLS004','시스템 파일 등록/변경 롤','시스템 파일 등록/변경 롤','Y',SYSDATETIME,'SYSTEM',SYSDATETIME,'SYSTEM');
INSERT INTO TC_CMMNDETAILCODE(CODE_ID,CODE,CODE_NM,CODE_DC,USE_AT,FRST_REGIST_PNTTM,FRST_REGISTER_ID,LAST_UPDT_PNTTM,LAST_UPDUSR_ID) VALUES ('COM011','ROLU001','사용자 관련 최상위 롤','사용자 관련 최상위 롤','Y',SYSDATETIME,'SYSTEM',SYSDATETIME,'SYSTEM');
INSERT INTO TC_CMMNDETAILCODE(CODE_ID,CODE,CODE_NM,CODE_DC,USE_AT,FRST_REGIST_PNTTM,FRST_REGISTER_ID,LAST_UPDT_PNTTM,LAST_UPDUSR_ID) VALUES ('COM011','ROLU002','업무 시스템 사용자 관리 롤','업무 시스템 사용자 관리 롤','Y',SYSDATETIME,'SYSTEM',SYSDATETIME,'SYSTEM');
INSERT INTO TC_CMMNDETAILCODE(CODE_ID,CODE,CODE_NM,CODE_DC,USE_AT,FRST_REGIST_PNTTM,FRST_REGISTER_ID,LAST_UPDT_PNTTM,LAST_UPDUSR_ID) VALUES ('COM011','ROLU003','기업회원 시스템 사용자 관리 롤','기업회원 시스템 사용자 관리 롤','Y',SYSDATETIME,'SYSTEM',SYSDATETIME,'SYSTEM');
INSERT INTO TC_CMMNDETAILCODE(CODE_ID,CODE,CODE_NM,CODE_DC,USE_AT,FRST_REGIST_PNTTM,FRST_REGISTER_ID,LAST_UPDT_PNTTM,LAST_UPDUSR_ID) VALUES ('COM011','ROLU004','일반회원 시스템 사용자 관리 롤','일반회원 시스템 사용자 관리 롤','Y',SYSDATETIME,'SYSTEM',SYSDATETIME,'SYSTEM');
INSERT INTO TC_CMMNDETAILCODE(CODE_ID,CODE,CODE_NM,CODE_DC,USE_AT,FRST_REGIST_PNTTM,FRST_REGISTER_ID,LAST_UPDT_PNTTM,LAST_UPDUSR_ID) VALUES ('COM011','ROLU005','게시판 사용자 관리 롤','게시판 사용자 관리 롤','Y',SYSDATETIME,'SYSTEM',SYSDATETIME,'SYSTEM');
INSERT INTO TC_CMMNDETAILCODE(CODE_ID,CODE,CODE_NM,CODE_DC,USE_AT,FRST_REGIST_PNTTM,FRST_REGISTER_ID,LAST_UPDT_PNTTM,LAST_UPDUSR_ID) VALUES ('COM011','ROLU006','커뮤니티 사용자 관리 롤','커뮤니티 사용자 관리 롤','Y',SYSDATETIME,'SYSTEM',SYSDATETIME,'SYSTEM');
INSERT INTO TC_CMMNDETAILCODE(CODE_ID,CODE,CODE_NM,CODE_DC,USE_AT,FRST_REGIST_PNTTM,FRST_REGISTER_ID,LAST_UPDT_PNTTM,LAST_UPDUSR_ID) VALUES ('COM012','USR01','일반 회원 유형','일반 회원 유형','Y',SYSDATETIME,'SYSTEM',SYSDATETIME,'SYSTEM');
INSERT INTO TC_CMMNDETAILCODE(CODE_ID,CODE,CODE_NM,CODE_DC,USE_AT,FRST_REGIST_PNTTM,FRST_REGISTER_ID,LAST_UPDT_PNTTM,LAST_UPDUSR_ID) VALUES ('COM012','USR02','기업 회원 유형','기업 회원 유형','Y',SYSDATETIME,'SYSTEM',SYSDATETIME,'SYSTEM');
INSERT INTO TC_CMMNDETAILCODE(CODE_ID,CODE,CODE_NM,CODE_DC,USE_AT,FRST_REGIST_PNTTM,FRST_REGISTER_ID,LAST_UPDT_PNTTM,LAST_UPDUSR_ID) VALUES ('COM012','USR03','업무 담당자(사용자) 유형','업무 담당자(사용자) 유형','Y',SYSDATETIME,'SYSTEM',SYSDATETIME,'SYSTEM');
INSERT INTO TC_CMMNDETAILCODE(CODE_ID,CODE,CODE_NM,CODE_DC,USE_AT,FRST_REGIST_PNTTM,FRST_REGISTER_ID,LAST_UPDT_PNTTM,LAST_UPDUSR_ID) VALUES ('COM012','USR99','사용자 유형 최상위 롤','사용자 유형 최상위 롤','Y',SYSDATETIME,'SYSTEM',SYSDATETIME,'SYSTEM');
INSERT INTO TC_CMMNDETAILCODE(CODE_ID,CODE,CODE_NM,CODE_DC,USE_AT,FRST_REGIST_PNTTM,FRST_REGISTER_ID,LAST_UPDT_PNTTM,LAST_UPDUSR_ID) VALUES ('COM013','A','회원 가입 신청 상태','회원 가입 신청 상태','Y',SYSDATETIME,'SYSTEM',SYSDATETIME,'SYSTEM');
INSERT INTO TC_CMMNDETAILCODE(CODE_ID,CODE,CODE_NM,CODE_DC,USE_AT,FRST_REGIST_PNTTM,FRST_REGISTER_ID,LAST_UPDT_PNTTM,LAST_UPDUSR_ID) VALUES ('COM013','D','회원 가입 삭제 상태','회원 가입 삭제 상태','Y',SYSDATETIME,'SYSTEM',SYSDATETIME,'SYSTEM');
INSERT INTO TC_CMMNDETAILCODE(CODE_ID,CODE,CODE_NM,CODE_DC,USE_AT,FRST_REGIST_PNTTM,FRST_REGISTER_ID,LAST_UPDT_PNTTM,LAST_UPDUSR_ID) VALUES ('COM013','P','회원 가입 승인 상태','회원 가입 승인 상태','Y',SYSDATETIME,'SYSTEM',SYSDATETIME,'SYSTEM');
INSERT INTO TC_CMMNDETAILCODE(CODE_ID,CODE,CODE_NM,CODE_DC,USE_AT,FRST_REGIST_PNTTM,FRST_REGISTER_ID,LAST_UPDT_PNTTM,LAST_UPDUSR_ID) VALUES ('COM014','F','여자','여자','Y',SYSDATETIME,'SYSTEM',SYSDATETIME,'SYSTEM');
INSERT INTO TC_CMMNDETAILCODE(CODE_ID,CODE,CODE_NM,CODE_DC,USE_AT,FRST_REGIST_PNTTM,FRST_REGISTER_ID,LAST_UPDT_PNTTM,LAST_UPDUSR_ID) VALUES ('COM014','M','남자','남자','Y',SYSDATETIME,'SYSTEM',SYSDATETIME,'SYSTEM');
INSERT INTO TC_CMMNDETAILCODE(CODE_ID,CODE,CODE_NM,CODE_DC,USE_AT,FRST_REGIST_PNTTM,FRST_REGISTER_ID,LAST_UPDT_PNTTM,LAST_UPDUSR_ID) VALUES ('COM015','ATH01','주민등록번호 인증','주민등록번호 인증','Y',SYSDATETIME,'SYSTEM',SYSDATETIME,'SYSTEM');
INSERT INTO TC_CMMNDETAILCODE(CODE_ID,CODE,CODE_NM,CODE_DC,USE_AT,FRST_REGIST_PNTTM,FRST_REGISTER_ID,LAST_UPDT_PNTTM,LAST_UPDUSR_ID) VALUES ('COM015','ATH02','GPIN 인증','GPIN 인증','Y',SYSDATETIME,'SYSTEM',SYSDATETIME,'SYSTEM');
INSERT INTO TC_CMMNDETAILCODE(CODE_ID,CODE,CODE_NM,CODE_DC,USE_AT,FRST_REGIST_PNTTM,FRST_REGISTER_ID,LAST_UPDT_PNTTM,LAST_UPDUSR_ID) VALUES ('COM016','PUR01','프로그램 변경 요청 신청','프로그램 변경 요청 신청','Y',SYSDATETIME,'SYSTEM',SYSDATETIME,'SYSTEM');
INSERT INTO TC_CMMNDETAILCODE(CODE_ID,CODE,CODE_NM,CODE_DC,USE_AT,FRST_REGIST_PNTTM,FRST_REGISTER_ID,LAST_UPDT_PNTTM,LAST_UPDUSR_ID) VALUES ('COM016','PUR02','프로그램 변경 요청 수락','프로그램 변경 요청 수락','Y',SYSDATETIME,'SYSTEM',SYSDATETIME,'SYSTEM');
INSERT INTO TC_CMMNDETAILCODE(CODE_ID,CODE,CODE_NM,CODE_DC,USE_AT,FRST_REGIST_PNTTM,FRST_REGISTER_ID,LAST_UPDT_PNTTM,LAST_UPDUSR_ID) VALUES ('COM016','PUR03','프로그램 변경 진행','프로그램 변경 진행','Y',SYSDATETIME,'SYSTEM',SYSDATETIME,'SYSTEM');
INSERT INTO TC_CMMNDETAILCODE(CODE_ID,CODE,CODE_NM,CODE_DC,USE_AT,FRST_REGIST_PNTTM,FRST_REGISTER_ID,LAST_UPDT_PNTTM,LAST_UPDUSR_ID) VALUES ('COM016','PUR04','프로그램 변경 완료','프로그램 변경 완료','Y',SYSDATETIME,'SYSTEM',SYSDATETIME,'SYSTEM');
INSERT INTO TC_CMMNDETAILCODE(CODE_ID,CODE,CODE_NM,CODE_DC,USE_AT,FRST_REGIST_PNTTM,FRST_REGISTER_ID,LAST_UPDT_PNTTM,LAST_UPDUSR_ID) VALUES ('COM016','PUR05','프로그램 변경 이관','프로그램 변경 이관','Y',SYSDATETIME,'SYSTEM',SYSDATETIME,'SYSTEM');
INSERT INTO TC_CMMNDETAILCODE(CODE_ID,CODE,CODE_NM,CODE_DC,USE_AT,FRST_REGIST_PNTTM,FRST_REGISTER_ID,LAST_UPDT_PNTTM,LAST_UPDUSR_ID) VALUES ('COM017','01','법정휴일','법정휴일','Y',SYSDATETIME,'SYSTEM',SYSDATETIME,'SYSTEM');
INSERT INTO TC_CMMNDETAILCODE(CODE_ID,CODE,CODE_NM,CODE_DC,USE_AT,FRST_REGIST_PNTTM,FRST_REGISTER_ID,LAST_UPDT_PNTTM,LAST_UPDUSR_ID) VALUES ('COM017','02','법정공휴일','법정공휴일','Y',SYSDATETIME,'SYSTEM',SYSDATETIME,'SYSTEM');
INSERT INTO TC_CMMNDETAILCODE(CODE_ID,CODE,CODE_NM,CODE_DC,USE_AT,FRST_REGIST_PNTTM,FRST_REGISTER_ID,LAST_UPDT_PNTTM,LAST_UPDUSR_ID) VALUES ('COM017','03','임시공휴일','임시공휴일','Y',SYSDATETIME,'SYSTEM',SYSDATETIME,'SYSTEM');
INSERT INTO TC_CMMNDETAILCODE(CODE_ID,CODE,CODE_NM,CODE_DC,USE_AT,FRST_REGIST_PNTTM,FRST_REGISTER_ID,LAST_UPDT_PNTTM,LAST_UPDUSR_ID) VALUES ('COM018','1','객관식','객관식','Y',SYSDATETIME,'SYSTEM',SYSDATETIME,'SYSTEM');
INSERT INTO TC_CMMNDETAILCODE(CODE_ID,CODE,CODE_NM,CODE_DC,USE_AT,FRST_REGIST_PNTTM,FRST_REGISTER_ID,LAST_UPDT_PNTTM,LAST_UPDUSR_ID) VALUES ('COM018','2','주관식','주관식','Y',SYSDATETIME,'SYSTEM',SYSDATETIME,'SYSTEM');
INSERT INTO TC_CMMNDETAILCODE(CODE_ID,CODE,CODE_NM,CODE_DC,USE_AT,FRST_REGIST_PNTTM,FRST_REGISTER_ID,LAST_UPDT_PNTTM,LAST_UPDUSR_ID) VALUES ('COM019','A','높음','높음','Y',SYSDATETIME,'SYSTEM',SYSDATETIME,'SYSTEM');
INSERT INTO TC_CMMNDETAILCODE(CODE_ID,CODE,CODE_NM,CODE_DC,USE_AT,FRST_REGIST_PNTTM,FRST_REGISTER_ID,LAST_UPDT_PNTTM,LAST_UPDUSR_ID) VALUES ('COM019','B','보통','보통','Y',SYSDATETIME,'SYSTEM',SYSDATETIME,'SYSTEM');
INSERT INTO TC_CMMNDETAILCODE(CODE_ID,CODE,CODE_NM,CODE_DC,USE_AT,FRST_REGIST_PNTTM,FRST_REGISTER_ID,LAST_UPDT_PNTTM,LAST_UPDUSR_ID) VALUES ('COM019','C','낮음','낮음','Y',SYSDATETIME,'SYSTEM',SYSDATETIME,'SYSTEM');
INSERT INTO TC_CMMNDETAILCODE(CODE_ID,CODE,CODE_NM,CODE_DC,USE_AT,FRST_REGIST_PNTTM,FRST_REGISTER_ID,LAST_UPDT_PNTTM,LAST_UPDUSR_ID) VALUES ('COM020','1','부서일정관리','부서일정관리','Y',SYSDATETIME,'SYSTEM',SYSDATETIME,'SYSTEM');
INSERT INTO TC_CMMNDETAILCODE(CODE_ID,CODE,CODE_NM,CODE_DC,USE_AT,FRST_REGIST_PNTTM,FRST_REGISTER_ID,LAST_UPDT_PNTTM,LAST_UPDUSR_ID) VALUES ('COM020','2','일정관리','일정관리','Y',SYSDATETIME,'SYSTEM',SYSDATETIME,'SYSTEM');
INSERT INTO TC_CMMNDETAILCODE(CODE_ID,CODE,CODE_NM,CODE_DC,USE_AT,FRST_REGIST_PNTTM,FRST_REGISTER_ID,LAST_UPDT_PNTTM,LAST_UPDUSR_ID) VALUES ('COM021','1','기능설명','기능설명','Y',SYSDATETIME,'SYSTEM',SYSDATETIME,'SYSTEM');
INSERT INTO TC_CMMNDETAILCODE(CODE_ID,CODE,CODE_NM,CODE_DC,USE_AT,FRST_REGIST_PNTTM,FRST_REGISTER_ID,LAST_UPDT_PNTTM,LAST_UPDUSR_ID) VALUES ('COM021','2','절차설명','절차설명','Y',SYSDATETIME,'SYSTEM',SYSDATETIME,'SYSTEM');
INSERT INTO TC_CMMNDETAILCODE(CODE_ID,CODE,CODE_NM,CODE_DC,USE_AT,FRST_REGIST_PNTTM,FRST_REGISTER_ID,LAST_UPDT_PNTTM,LAST_UPDUSR_ID) VALUES ('COM022',' P01','가장 기억에 남는 장소는?','가장 기억에 남는 장소는?','Y',SYSDATETIME,'SYSTEM',SYSDATETIME,'SYSTEM');
INSERT INTO TC_CMMNDETAILCODE(CODE_ID,CODE,CODE_NM,CODE_DC,USE_AT,FRST_REGIST_PNTTM,FRST_REGISTER_ID,LAST_UPDT_PNTTM,LAST_UPDUSR_ID) VALUES ('COM022',' P02','나의 좌우명은?','나의 좌우명은?','Y',SYSDATETIME,'SYSTEM',SYSDATETIME,'SYSTEM');
INSERT INTO TC_CMMNDETAILCODE(CODE_ID,CODE,CODE_NM,CODE_DC,USE_AT,FRST_REGIST_PNTTM,FRST_REGISTER_ID,LAST_UPDT_PNTTM,LAST_UPDUSR_ID) VALUES ('COM022',' P03','나의 보물 제1호는?','나의 보물 제1호는?','Y',SYSDATETIME,'SYSTEM',SYSDATETIME,'SYSTEM');
INSERT INTO TC_CMMNDETAILCODE(CODE_ID,CODE,CODE_NM,CODE_DC,USE_AT,FRST_REGIST_PNTTM,FRST_REGISTER_ID,LAST_UPDT_PNTTM,LAST_UPDUSR_ID) VALUES ('COM022',' P04','가장 기억에 남는 선생님 성함은?','가장 기억에 남는 선생님 성함은?','Y',SYSDATETIME,'SYSTEM',SYSDATETIME,'SYSTEM');
INSERT INTO TC_CMMNDETAILCODE(CODE_ID,CODE,CODE_NM,CODE_DC,USE_AT,FRST_REGIST_PNTTM,FRST_REGISTER_ID,LAST_UPDT_PNTTM,LAST_UPDUSR_ID) VALUES ('COM022',' P05','다른 사람은 모르는 나만의 신체비밀은?','다른 사람은 모르는 나만의 신체비밀은?','Y',SYSDATETIME,'SYSTEM',SYSDATETIME,'SYSTEM');
INSERT INTO TC_CMMNDETAILCODE(CODE_ID,CODE,CODE_NM,CODE_DC,USE_AT,FRST_REGIST_PNTTM,FRST_REGISTER_ID,LAST_UPDT_PNTTM,LAST_UPDUSR_ID) VALUES ('COM022',' P06','오래도록 기억하고 싶은 날짜는?','오래도록 기억하고 싶은 날짜는?','Y',SYSDATETIME,'SYSTEM',SYSDATETIME,'SYSTEM');
INSERT INTO TC_CMMNDETAILCODE(CODE_ID,CODE,CODE_NM,CODE_DC,USE_AT,FRST_REGIST_PNTTM,FRST_REGISTER_ID,LAST_UPDT_PNTTM,LAST_UPDUSR_ID) VALUES ('COM022',' P07','받았던 선물 중 기억에 남는 독특한 선물은?','받았던 선물 중 기억에 남는 독특한 선물은?','Y',SYSDATETIME,'SYSTEM',SYSDATETIME,'SYSTEM');
INSERT INTO TC_CMMNDETAILCODE(CODE_ID,CODE,CODE_NM,CODE_DC,USE_AT,FRST_REGIST_PNTTM,FRST_REGISTER_ID,LAST_UPDT_PNTTM,LAST_UPDUSR_ID) VALUES ('COM022',' P08','가장 생각나는 친구 이름은?','가장 생각나는 친구 이름은?','Y',SYSDATETIME,'SYSTEM',SYSDATETIME,'SYSTEM');
INSERT INTO TC_CMMNDETAILCODE(CODE_ID,CODE,CODE_NM,CODE_DC,USE_AT,FRST_REGIST_PNTTM,FRST_REGISTER_ID,LAST_UPDT_PNTTM,LAST_UPDUSR_ID) VALUES ('COM022',' P09','인상 깊게 읽은 책 이름은?','인상 깊게 읽은 책 이름은?','Y',SYSDATETIME,'SYSTEM',SYSDATETIME,'SYSTEM');
INSERT INTO TC_CMMNDETAILCODE(CODE_ID,CODE,CODE_NM,CODE_DC,USE_AT,FRST_REGIST_PNTTM,FRST_REGISTER_ID,LAST_UPDT_PNTTM,LAST_UPDUSR_ID) VALUES ('COM022',' P10','내가 존경하는 인물은?','내가 존경하는 인물은?','Y',SYSDATETIME,'SYSTEM',SYSDATETIME,'SYSTEM');
INSERT INTO TC_CMMNDETAILCODE(CODE_ID,CODE,CODE_NM,CODE_DC,USE_AT,FRST_REGIST_PNTTM,FRST_REGISTER_ID,LAST_UPDT_PNTTM,LAST_UPDUSR_ID) VALUES ('COM022',' P11','나의 노래방 애창곡은?','나의 노래방 애창곡은?','Y',SYSDATETIME,'SYSTEM',SYSDATETIME,'SYSTEM');
INSERT INTO TC_CMMNDETAILCODE(CODE_ID,CODE,CODE_NM,CODE_DC,USE_AT,FRST_REGIST_PNTTM,FRST_REGISTER_ID,LAST_UPDT_PNTTM,LAST_UPDUSR_ID) VALUES ('COM022',' P12','가장 감명깊게 본 영화는?','가장 감명깊게 본 영화는?','Y',SYSDATETIME,'SYSTEM',SYSDATETIME,'SYSTEM');
INSERT INTO TC_CMMNDETAILCODE(CODE_ID,CODE,CODE_NM,CODE_DC,USE_AT,FRST_REGIST_PNTTM,FRST_REGISTER_ID,LAST_UPDT_PNTTM,LAST_UPDUSR_ID) VALUES ('COM022',' P13','좋아하는 스포츠팀 이름은?','좋아하는 스포츠팀 이름은?','Y',SYSDATETIME,'SYSTEM',SYSDATETIME,'SYSTEM');
INSERT INTO TC_CMMNDETAILCODE(CODE_ID,CODE,CODE_NM,CODE_DC,USE_AT,FRST_REGIST_PNTTM,FRST_REGISTER_ID,LAST_UPDT_PNTTM,LAST_UPDUSR_ID) VALUES ('COM023','01','경제','경제','Y',SYSDATETIME,'SYSTEM',SYSDATETIME,'SYSTEM');
INSERT INTO TC_CMMNDETAILCODE(CODE_ID,CODE,CODE_NM,CODE_DC,USE_AT,FRST_REGIST_PNTTM,FRST_REGISTER_ID,LAST_UPDT_PNTTM,LAST_UPDUSR_ID) VALUES ('COM023','02','전산','전산','Y',SYSDATETIME,'SYSTEM',SYSDATETIME,'SYSTEM');
INSERT INTO TC_CMMNDETAILCODE(CODE_ID,CODE,CODE_NM,CODE_DC,USE_AT,FRST_REGIST_PNTTM,FRST_REGISTER_ID,LAST_UPDT_PNTTM,LAST_UPDUSR_ID) VALUES ('COM023','03','행정','행정','Y',SYSDATETIME,'SYSTEM',SYSDATETIME,'SYSTEM');
INSERT INTO TC_CMMNDETAILCODE(CODE_ID,CODE,CODE_NM,CODE_DC,USE_AT,FRST_REGIST_PNTTM,FRST_REGISTER_ID,LAST_UPDT_PNTTM,LAST_UPDUSR_ID) VALUES ('COM024','C','완료','완료','Y',SYSDATETIME,'SYSTEM',SYSDATETIME,'SYSTEM');
INSERT INTO TC_CMMNDETAILCODE(CODE_ID,CODE,CODE_NM,CODE_DC,USE_AT,FRST_REGIST_PNTTM,FRST_REGISTER_ID,LAST_UPDT_PNTTM,LAST_UPDUSR_ID) VALUES ('COM024','F','실패','실패','Y',SYSDATETIME,'SYSTEM',SYSDATETIME,'SYSTEM');
INSERT INTO TC_CMMNDETAILCODE(CODE_ID,CODE,CODE_NM,CODE_DC,USE_AT,FRST_REGIST_PNTTM,FRST_REGISTER_ID,LAST_UPDT_PNTTM,LAST_UPDUSR_ID) VALUES ('COM024','R','요청','요청','Y',SYSDATETIME,'SYSTEM',SYSDATETIME,'SYSTEM');
INSERT INTO TC_CMMNDETAILCODE(CODE_ID,CODE,CODE_NM,CODE_DC,USE_AT,FRST_REGIST_PNTTM,FRST_REGISTER_ID,LAST_UPDT_PNTTM,LAST_UPDUSR_ID) VALUES ('COM025','00000001','공공기관','공공기관','Y',SYSDATETIME,'SYSTEM',SYSDATETIME,'SYSTEM');
INSERT INTO TC_CMMNDETAILCODE(CODE_ID,CODE,CODE_NM,CODE_DC,USE_AT,FRST_REGIST_PNTTM,FRST_REGISTER_ID,LAST_UPDT_PNTTM,LAST_UPDUSR_ID) VALUES ('COM025','00000002','금융기관','금융기관','Y',SYSDATETIME,'SYSTEM',SYSDATETIME,'SYSTEM');
INSERT INTO TC_CMMNDETAILCODE(CODE_ID,CODE,CODE_NM,CODE_DC,USE_AT,FRST_REGIST_PNTTM,FRST_REGISTER_ID,LAST_UPDT_PNTTM,LAST_UPDUSR_ID) VALUES ('COM025','00000003','교육기관','교육기관','Y',SYSDATETIME,'SYSTEM',SYSDATETIME,'SYSTEM');
INSERT INTO TC_CMMNDETAILCODE(CODE_ID,CODE,CODE_NM,CODE_DC,USE_AT,FRST_REGIST_PNTTM,FRST_REGISTER_ID,LAST_UPDT_PNTTM,LAST_UPDUSR_ID) VALUES ('COM025','00000004','의료기관','의료기관','Y',SYSDATETIME,'SYSTEM',SYSDATETIME,'SYSTEM');
INSERT INTO TC_CMMNDETAILCODE(CODE_ID,CODE,CODE_NM,CODE_DC,USE_AT,FRST_REGIST_PNTTM,FRST_REGISTER_ID,LAST_UPDT_PNTTM,LAST_UPDUSR_ID) VALUES ('COM026','C0000001','대기업','대기업','Y',SYSDATETIME,'SYSTEM',SYSDATETIME,'SYSTEM');
INSERT INTO TC_CMMNDETAILCODE(CODE_ID,CODE,CODE_NM,CODE_DC,USE_AT,FRST_REGIST_PNTTM,FRST_REGISTER_ID,LAST_UPDT_PNTTM,LAST_UPDUSR_ID) VALUES ('COM026','C0000002','중소기업','중소기업','Y',SYSDATETIME,'SYSTEM',SYSDATETIME,'SYSTEM');
INSERT INTO TC_CMMNDETAILCODE(CODE_ID,CODE,CODE_NM,CODE_DC,USE_AT,FRST_REGIST_PNTTM,FRST_REGISTER_ID,LAST_UPDT_PNTTM,LAST_UPDUSR_ID) VALUES ('COM026','C0000003','다국적기업','다국적기업','Y',SYSDATETIME,'SYSTEM',SYSDATETIME,'SYSTEM');
INSERT INTO TC_CMMNDETAILCODE(CODE_ID,CODE,CODE_NM,CODE_DC,USE_AT,FRST_REGIST_PNTTM,FRST_REGISTER_ID,LAST_UPDT_PNTTM,LAST_UPDUSR_ID) VALUES ('COM027','A','축산업','축산업','Y',SYSDATETIME,'SYSTEM',SYSDATETIME,'SYSTEM');
INSERT INTO TC_CMMNDETAILCODE(CODE_ID,CODE,CODE_NM,CODE_DC,USE_AT,FRST_REGIST_PNTTM,FRST_REGISTER_ID,LAST_UPDT_PNTTM,LAST_UPDUSR_ID) VALUES ('COM027','B','어업','어업','Y',SYSDATETIME,'SYSTEM',SYSDATETIME,'SYSTEM');
INSERT INTO TC_CMMNDETAILCODE(CODE_ID,CODE,CODE_NM,CODE_DC,USE_AT,FRST_REGIST_PNTTM,FRST_REGISTER_ID,LAST_UPDT_PNTTM,LAST_UPDUSR_ID) VALUES ('COM027','C','광업','광업','Y',SYSDATETIME,'SYSTEM',SYSDATETIME,'SYSTEM');
INSERT INTO TC_CMMNDETAILCODE(CODE_ID,CODE,CODE_NM,CODE_DC,USE_AT,FRST_REGIST_PNTTM,FRST_REGISTER_ID,LAST_UPDT_PNTTM,LAST_UPDUSR_ID) VALUES ('COM027','D','제조업','제조업','Y',SYSDATETIME,'SYSTEM',SYSDATETIME,'SYSTEM');
INSERT INTO TC_CMMNDETAILCODE(CODE_ID,CODE,CODE_NM,CODE_DC,USE_AT,FRST_REGIST_PNTTM,FRST_REGISTER_ID,LAST_UPDT_PNTTM,LAST_UPDUSR_ID) VALUES ('COM027','E','전기,가스및수도사업','전기,가스및수도사업','Y',SYSDATETIME,'SYSTEM',SYSDATETIME,'SYSTEM');
INSERT INTO TC_CMMNDETAILCODE(CODE_ID,CODE,CODE_NM,CODE_DC,USE_AT,FRST_REGIST_PNTTM,FRST_REGISTER_ID,LAST_UPDT_PNTTM,LAST_UPDUSR_ID) VALUES ('COM027','F','건설업','건설업','Y',SYSDATETIME,'SYSTEM',SYSDATETIME,'SYSTEM');
INSERT INTO TC_CMMNDETAILCODE(CODE_ID,CODE,CODE_NM,CODE_DC,USE_AT,FRST_REGIST_PNTTM,FRST_REGISTER_ID,LAST_UPDT_PNTTM,LAST_UPDUSR_ID) VALUES ('COM027','G','도소매 및 소비자용품수리업','도소매 및 소비자용품수리업','Y',SYSDATETIME,'SYSTEM',SYSDATETIME,'SYSTEM');
INSERT INTO TC_CMMNDETAILCODE(CODE_ID,CODE,CODE_NM,CODE_DC,USE_AT,FRST_REGIST_PNTTM,FRST_REGISTER_ID,LAST_UPDT_PNTTM,LAST_UPDUSR_ID) VALUES ('COM027','H','숙박및음식점','숙박및음식점','Y',SYSDATETIME,'SYSTEM',SYSDATETIME,'SYSTEM');
INSERT INTO TC_CMMNDETAILCODE(CODE_ID,CODE,CODE_NM,CODE_DC,USE_AT,FRST_REGIST_PNTTM,FRST_REGISTER_ID,LAST_UPDT_PNTTM,LAST_UPDUSR_ID) VALUES ('COM027','I','운수창고및통신업','운수창고및통신업','Y',SYSDATETIME,'SYSTEM',SYSDATETIME,'SYSTEM');
INSERT INTO TC_CMMNDETAILCODE(CODE_ID,CODE,CODE_NM,CODE_DC,USE_AT,FRST_REGIST_PNTTM,FRST_REGISTER_ID,LAST_UPDT_PNTTM,LAST_UPDUSR_ID) VALUES ('COM027','J','금융및보험업','금융및보험업','Y',SYSDATETIME,'SYSTEM',SYSDATETIME,'SYSTEM');
INSERT INTO TC_CMMNDETAILCODE(CODE_ID,CODE,CODE_NM,CODE_DC,USE_AT,FRST_REGIST_PNTTM,FRST_REGISTER_ID,LAST_UPDT_PNTTM,LAST_UPDUSR_ID) VALUES ('COM027','K','부동산,임대및사업서비스업','부동산,임대및사업서비스업','Y',SYSDATETIME,'SYSTEM',SYSDATETIME,'SYSTEM');
INSERT INTO TC_CMMNDETAILCODE(CODE_ID,CODE,CODE_NM,CODE_DC,USE_AT,FRST_REGIST_PNTTM,FRST_REGISTER_ID,LAST_UPDT_PNTTM,LAST_UPDUSR_ID) VALUES ('COM027','M','교육서비스업','교육서비스업','Y',SYSDATETIME,'SYSTEM',SYSDATETIME,'SYSTEM');
INSERT INTO TC_CMMNDETAILCODE(CODE_ID,CODE,CODE_NM,CODE_DC,USE_AT,FRST_REGIST_PNTTM,FRST_REGISTER_ID,LAST_UPDT_PNTTM,LAST_UPDUSR_ID) VALUES ('COM027','N','보건업','보건업','Y',SYSDATETIME,'SYSTEM',SYSDATETIME,'SYSTEM');
INSERT INTO TC_CMMNDETAILCODE(CODE_ID,CODE,CODE_NM,CODE_DC,USE_AT,FRST_REGIST_PNTTM,FRST_REGISTER_ID,LAST_UPDT_PNTTM,LAST_UPDUSR_ID) VALUES ('COM027','O','기타공공,사회및개인서비스업','기타공공,사회및개인서비스업','Y',SYSDATETIME,'SYSTEM',SYSDATETIME,'SYSTEM');
INSERT INTO TC_CMMNDETAILCODE(CODE_ID,CODE,CODE_NM,CODE_DC,USE_AT,FRST_REGIST_PNTTM,FRST_REGISTER_ID,LAST_UPDT_PNTTM,LAST_UPDUSR_ID) VALUES ('COM027','P','가사서비스업','가사서비스업','Y',SYSDATETIME,'SYSTEM',SYSDATETIME,'SYSTEM');
INSERT INTO TC_CMMNDETAILCODE(CODE_ID,CODE,CODE_NM,CODE_DC,USE_AT,FRST_REGIST_PNTTM,FRST_REGISTER_ID,LAST_UPDT_PNTTM,LAST_UPDUSR_ID) VALUES ('COM028','1','접수대기','접수대기','Y',SYSDATETIME,'SYSTEM',SYSDATETIME,'SYSTEM');
INSERT INTO TC_CMMNDETAILCODE(CODE_ID,CODE,CODE_NM,CODE_DC,USE_AT,FRST_REGIST_PNTTM,FRST_REGISTER_ID,LAST_UPDT_PNTTM,LAST_UPDUSR_ID) VALUES ('COM028','2','접수','접수','Y',SYSDATETIME,'SYSTEM',SYSDATETIME,'SYSTEM');
INSERT INTO TC_CMMNDETAILCODE(CODE_ID,CODE,CODE_NM,CODE_DC,USE_AT,FRST_REGIST_PNTTM,FRST_REGISTER_ID,LAST_UPDT_PNTTM,LAST_UPDUSR_ID) VALUES ('COM028','3','완료','완료','Y',SYSDATETIME,'SYSTEM',SYSDATETIME,'SYSTEM');
INSERT INTO TC_CMMNDETAILCODE(CODE_ID,CODE,CODE_NM,CODE_DC,USE_AT,FRST_REGIST_PNTTM,FRST_REGISTER_ID,LAST_UPDT_PNTTM,LAST_UPDUSR_ID) VALUES ('COM029','METHOD','METHOD','METHOD','Y',SYSDATETIME,'SYSTEM',SYSDATETIME,'SYSTEM');
INSERT INTO TC_CMMNDETAILCODE(CODE_ID,CODE,CODE_NM,CODE_DC,USE_AT,FRST_REGIST_PNTTM,FRST_REGISTER_ID,LAST_UPDT_PNTTM,LAST_UPDUSR_ID) VALUES ('COM029','POINTCUT','POINTCUT','POINTCUT','Y',SYSDATETIME,'SYSTEM',SYSDATETIME,'SYSTEM');
INSERT INTO TC_CMMNDETAILCODE(CODE_ID,CODE,CODE_NM,CODE_DC,USE_AT,FRST_REGIST_PNTTM,FRST_REGISTER_ID,LAST_UPDT_PNTTM,LAST_UPDUSR_ID) VALUES ('COM029','URL','URL','URL','Y',SYSDATETIME,'SYSTEM',SYSDATETIME,'SYSTEM');
INSERT INTO TC_CMMNDETAILCODE(CODE_ID,CODE,CODE_NM,CODE_DC,USE_AT,FRST_REGIST_PNTTM,FRST_REGISTER_ID,LAST_UPDT_PNTTM,LAST_UPDUSR_ID) VALUES ('COM030','1','회의','회의','Y',SYSDATETIME,'SYSTEM',SYSDATETIME,'SYSTEM');
INSERT INTO TC_CMMNDETAILCODE(CODE_ID,CODE,CODE_NM,CODE_DC,USE_AT,FRST_REGIST_PNTTM,FRST_REGISTER_ID,LAST_UPDT_PNTTM,LAST_UPDUSR_ID) VALUES ('COM030','2','세미나','세미나','Y',SYSDATETIME,'SYSTEM',SYSDATETIME,'SYSTEM');
INSERT INTO TC_CMMNDETAILCODE(CODE_ID,CODE,CODE_NM,CODE_DC,USE_AT,FRST_REGIST_PNTTM,FRST_REGISTER_ID,LAST_UPDT_PNTTM,LAST_UPDUSR_ID) VALUES ('COM030','3','강의','강의','Y',SYSDATETIME,'SYSTEM',SYSDATETIME,'SYSTEM');
INSERT INTO TC_CMMNDETAILCODE(CODE_ID,CODE,CODE_NM,CODE_DC,USE_AT,FRST_REGIST_PNTTM,FRST_REGISTER_ID,LAST_UPDT_PNTTM,LAST_UPDUSR_ID) VALUES ('COM030','4','교육','교육','Y',SYSDATETIME,'SYSTEM',SYSDATETIME,'SYSTEM');
INSERT INTO TC_CMMNDETAILCODE(CODE_ID,CODE,CODE_NM,CODE_DC,USE_AT,FRST_REGIST_PNTTM,FRST_REGISTER_ID,LAST_UPDT_PNTTM,LAST_UPDUSR_ID) VALUES ('COM030','5','기타','기타','Y',SYSDATETIME,'SYSTEM',SYSDATETIME,'SYSTEM');
INSERT INTO TC_CMMNDETAILCODE(CODE_ID,CODE,CODE_NM,CODE_DC,USE_AT,FRST_REGIST_PNTTM,FRST_REGISTER_ID,LAST_UPDT_PNTTM,LAST_UPDUSR_ID) VALUES ('COM031','1','당일','당일','Y',SYSDATETIME,'SYSTEM',SYSDATETIME,'SYSTEM');
INSERT INTO TC_CMMNDETAILCODE(CODE_ID,CODE,CODE_NM,CODE_DC,USE_AT,FRST_REGIST_PNTTM,FRST_REGISTER_ID,LAST_UPDT_PNTTM,LAST_UPDUSR_ID) VALUES ('COM031','2','반복','반복','Y',SYSDATETIME,'SYSTEM',SYSDATETIME,'SYSTEM');
INSERT INTO TC_CMMNDETAILCODE(CODE_ID,CODE,CODE_NM,CODE_DC,USE_AT,FRST_REGIST_PNTTM,FRST_REGISTER_ID,LAST_UPDT_PNTTM,LAST_UPDUSR_ID) VALUES ('COM031','3','연속','연속','Y',SYSDATETIME,'SYSTEM',SYSDATETIME,'SYSTEM');
INSERT INTO TC_CMMNDETAILCODE(CODE_ID,CODE,CODE_NM,CODE_DC,USE_AT,FRST_REGIST_PNTTM,FRST_REGISTER_ID,LAST_UPDT_PNTTM,LAST_UPDUSR_ID) VALUES ('COM031','4','요일반복','요일반복','Y',SYSDATETIME,'SYSTEM',SYSDATETIME,'SYSTEM');
INSERT INTO TC_CMMNDETAILCODE(CODE_ID,CODE,CODE_NM,CODE_DC,USE_AT,FRST_REGIST_PNTTM,FRST_REGISTER_ID,LAST_UPDT_PNTTM,LAST_UPDUSR_ID) VALUES ('COM032','WC01','회원가입','회원가입','Y',SYSDATETIME,'SYSTEM',SYSDATETIME,'SYSTEM');
INSERT INTO TC_CMMNDETAILCODE(CODE_ID,CODE,CODE_NM,CODE_DC,USE_AT,FRST_REGIST_PNTTM,FRST_REGISTER_ID,LAST_UPDT_PNTTM,LAST_UPDUSR_ID) VALUES ('COM032','WC02','사용자등록','사용자등록','Y',SYSDATETIME,'SYSTEM',SYSDATETIME,'SYSTEM');
INSERT INTO TC_CMMNDETAILCODE(CODE_ID,CODE,CODE_NM,CODE_DC,USE_AT,FRST_REGIST_PNTTM,FRST_REGISTER_ID,LAST_UPDT_PNTTM,LAST_UPDUSR_ID) VALUES ('COM032','WC03','회원탈퇴','회원탈퇴','Y',SYSDATETIME,'SYSTEM',SYSDATETIME,'SYSTEM');
INSERT INTO TC_CMMNDETAILCODE(CODE_ID,CODE,CODE_NM,CODE_DC,USE_AT,FRST_REGIST_PNTTM,FRST_REGISTER_ID,LAST_UPDT_PNTTM,LAST_UPDUSR_ID) VALUES ('COM032','WC04','사용자삭제','사용자삭제','Y',SYSDATETIME,'SYSTEM',SYSDATETIME,'SYSTEM');
INSERT INTO TC_CMMNDETAILCODE(CODE_ID,CODE,CODE_NM,CODE_DC,USE_AT,FRST_REGIST_PNTTM,FRST_REGISTER_ID,LAST_UPDT_PNTTM,LAST_UPDUSR_ID) VALUES ('COM032','WC05','커뮤니티등록','커뮤니티등록','Y',SYSDATETIME,'SYSTEM',SYSDATETIME,'SYSTEM');
INSERT INTO TC_CMMNDETAILCODE(CODE_ID,CODE,CODE_NM,CODE_DC,USE_AT,FRST_REGIST_PNTTM,FRST_REGISTER_ID,LAST_UPDT_PNTTM,LAST_UPDUSR_ID) VALUES ('COM032','WC06','동호회등록','동호회등록','Y',SYSDATETIME,'SYSTEM',SYSDATETIME,'SYSTEM');
INSERT INTO TC_CMMNDETAILCODE(CODE_ID,CODE,CODE_NM,CODE_DC,USE_AT,FRST_REGIST_PNTTM,FRST_REGISTER_ID,LAST_UPDT_PNTTM,LAST_UPDUSR_ID) VALUES ('COM032','WC07','커뮤니티폐쇄','커뮤니티폐쇄','Y',SYSDATETIME,'SYSTEM',SYSDATETIME,'SYSTEM');
INSERT INTO TC_CMMNDETAILCODE(CODE_ID,CODE,CODE_NM,CODE_DC,USE_AT,FRST_REGIST_PNTTM,FRST_REGISTER_ID,LAST_UPDT_PNTTM,LAST_UPDUSR_ID) VALUES ('COM032','WC08','동호회폐쇄','동호회폐쇄','Y',SYSDATETIME,'SYSTEM',SYSDATETIME,'SYSTEM');
INSERT INTO TC_CMMNDETAILCODE(CODE_ID,CODE,CODE_NM,CODE_DC,USE_AT,FRST_REGIST_PNTTM,FRST_REGISTER_ID,LAST_UPDT_PNTTM,LAST_UPDUSR_ID) VALUES ('COM032','WC09','게시판등록','게시판등록','Y',SYSDATETIME,'SYSTEM',SYSDATETIME,'SYSTEM');
INSERT INTO TC_CMMNDETAILCODE(CODE_ID,CODE,CODE_NM,CODE_DC,USE_AT,FRST_REGIST_PNTTM,FRST_REGISTER_ID,LAST_UPDT_PNTTM,LAST_UPDUSR_ID) VALUES ('COM032','WC10','게시판폐쇄','게시판폐쇄','Y',SYSDATETIME,'SYSTEM',SYSDATETIME,'SYSTEM');
INSERT INTO TC_CMMNDETAILCODE(CODE_ID,CODE,CODE_NM,CODE_DC,USE_AT,FRST_REGIST_PNTTM,FRST_REGISTER_ID,LAST_UPDT_PNTTM,LAST_UPDUSR_ID) VALUES ('COM033','C','생성','생성','Y',SYSDATETIME,'SYSTEM',SYSDATETIME,'SYSTEM');
INSERT INTO TC_CMMNDETAILCODE(CODE_ID,CODE,CODE_NM,CODE_DC,USE_AT,FRST_REGIST_PNTTM,FRST_REGISTER_ID,LAST_UPDT_PNTTM,LAST_UPDUSR_ID) VALUES ('COM033','D','삭제','삭제','Y',SYSDATETIME,'SYSTEM',SYSDATETIME,'SYSTEM');
INSERT INTO TC_CMMNDETAILCODE(CODE_ID,CODE,CODE_NM,CODE_DC,USE_AT,FRST_REGIST_PNTTM,FRST_REGISTER_ID,LAST_UPDT_PNTTM,LAST_UPDUSR_ID) VALUES ('COM033','R','조회','조회','Y',SYSDATETIME,'SYSTEM',SYSDATETIME,'SYSTEM');
INSERT INTO TC_CMMNDETAILCODE(CODE_ID,CODE,CODE_NM,CODE_DC,USE_AT,FRST_REGIST_PNTTM,FRST_REGISTER_ID,LAST_UPDT_PNTTM,LAST_UPDUSR_ID) VALUES ('COM033','U','수정','수정','Y',SYSDATETIME,'SYSTEM',SYSDATETIME,'SYSTEM');
INSERT INTO TC_CMMNDETAILCODE(CODE_ID,CODE,CODE_NM,CODE_DC,USE_AT,FRST_REGIST_PNTTM,FRST_REGISTER_ID,LAST_UPDT_PNTTM,LAST_UPDUSR_ID) VALUES ('COM034','1','학생','학생','Y',SYSDATETIME,'SYSTEM',SYSDATETIME,'SYSTEM');
INSERT INTO TC_CMMNDETAILCODE(CODE_ID,CODE,CODE_NM,CODE_DC,USE_AT,FRST_REGIST_PNTTM,FRST_REGISTER_ID,LAST_UPDT_PNTTM,LAST_UPDUSR_ID) VALUES ('COM034','2','대학생','대학생','Y',SYSDATETIME,'SYSTEM',SYSDATETIME,'SYSTEM');
INSERT INTO TC_CMMNDETAILCODE(CODE_ID,CODE,CODE_NM,CODE_DC,USE_AT,FRST_REGIST_PNTTM,FRST_REGISTER_ID,LAST_UPDT_PNTTM,LAST_UPDUSR_ID) VALUES ('COM034','3','군인','군인','Y',SYSDATETIME,'SYSTEM',SYSDATETIME,'SYSTEM');
INSERT INTO TC_CMMNDETAILCODE(CODE_ID,CODE,CODE_NM,CODE_DC,USE_AT,FRST_REGIST_PNTTM,FRST_REGISTER_ID,LAST_UPDT_PNTTM,LAST_UPDUSR_ID) VALUES ('COM034','4','교사','교사','Y',SYSDATETIME,'SYSTEM',SYSDATETIME,'SYSTEM');
INSERT INTO TC_CMMNDETAILCODE(CODE_ID,CODE,CODE_NM,CODE_DC,USE_AT,FRST_REGIST_PNTTM,FRST_REGISTER_ID,LAST_UPDT_PNTTM,LAST_UPDUSR_ID) VALUES ('COM034','5','기타','기타','Y',SYSDATETIME,'SYSTEM',SYSDATETIME,'SYSTEM');
INSERT INTO TC_CMMNDETAILCODE(CODE_ID,CODE,CODE_NM,CODE_DC,USE_AT,FRST_REGIST_PNTTM,FRST_REGISTER_ID,LAST_UPDT_PNTTM,LAST_UPDUSR_ID) VALUES ('COM035','1','행사','행사','Y',SYSDATETIME,'SYSTEM',SYSDATETIME,'SYSTEM');
INSERT INTO TC_CMMNDETAILCODE(CODE_ID,CODE,CODE_NM,CODE_DC,USE_AT,FRST_REGIST_PNTTM,FRST_REGISTER_ID,LAST_UPDT_PNTTM,LAST_UPDUSR_ID) VALUES ('COM035','2','이벤트','이벤트','Y',SYSDATETIME,'SYSTEM',SYSDATETIME,'SYSTEM');
INSERT INTO TC_CMMNDETAILCODE(CODE_ID,CODE,CODE_NM,CODE_DC,USE_AT,FRST_REGIST_PNTTM,FRST_REGISTER_ID,LAST_UPDT_PNTTM,LAST_UPDUSR_ID) VALUES ('COM035','3','캠페인','캠페인','Y',SYSDATETIME,'SYSTEM',SYSDATETIME,'SYSTEM');
INSERT INTO TC_CMMNDETAILCODE(CODE_ID,CODE,CODE_NM,CODE_DC,USE_AT,FRST_REGIST_PNTTM,FRST_REGISTER_ID,LAST_UPDT_PNTTM,LAST_UPDUSR_ID) VALUES ('COM036','01','작성','작성','Y',SYSDATETIME,'SYSTEM',SYSDATETIME,'SYSTEM');
INSERT INTO TC_CMMNDETAILCODE(CODE_ID,CODE,CODE_NM,CODE_DC,USE_AT,FRST_REGIST_PNTTM,FRST_REGISTER_ID,LAST_UPDT_PNTTM,LAST_UPDUSR_ID) VALUES ('COM036','02','상신','상신','Y',SYSDATETIME,'SYSTEM',SYSDATETIME,'SYSTEM');
INSERT INTO TC_CMMNDETAILCODE(CODE_ID,CODE,CODE_NM,CODE_DC,USE_AT,FRST_REGIST_PNTTM,FRST_REGISTER_ID,LAST_UPDT_PNTTM,LAST_UPDUSR_ID) VALUES ('COM036','03','반려','반려','Y',SYSDATETIME,'SYSTEM',SYSDATETIME,'SYSTEM');
INSERT INTO TC_CMMNDETAILCODE(CODE_ID,CODE,CODE_NM,CODE_DC,USE_AT,FRST_REGIST_PNTTM,FRST_REGISTER_ID,LAST_UPDT_PNTTM,LAST_UPDUSR_ID) VALUES ('COM036','04','결재완료','결재완료','Y',SYSDATETIME,'SYSTEM',SYSDATETIME,'SYSTEM');
INSERT INTO TC_CMMNDETAILCODE(CODE_ID,CODE,CODE_NM,CODE_DC,USE_AT,FRST_REGIST_PNTTM,FRST_REGISTER_ID,LAST_UPDT_PNTTM,LAST_UPDUSR_ID) VALUES ('COM038','N','N','아니오','Y',SYSDATETIME,'SYSTEM',SYSDATETIME,'SYSTEM');
INSERT INTO TC_CMMNDETAILCODE(CODE_ID,CODE,CODE_NM,CODE_DC,USE_AT,FRST_REGIST_PNTTM,FRST_REGISTER_ID,LAST_UPDT_PNTTM,LAST_UPDUSR_ID) VALUES ('COM038','Y','Y','예','Y',SYSDATETIME,'SYSTEM',SYSDATETIME,'SYSTEM');
INSERT INTO TC_CMMNDETAILCODE(CODE_ID,CODE,CODE_NM,CODE_DC,USE_AT,FRST_REGIST_PNTTM,FRST_REGISTER_ID,LAST_UPDT_PNTTM,LAST_UPDUSR_ID) VALUES ('COM039','001','사회','사회','Y',SYSDATETIME,'SYSTEM',SYSDATETIME,'SYSTEM');
INSERT INTO TC_CMMNDETAILCODE(CODE_ID,CODE,CODE_NM,CODE_DC,USE_AT,FRST_REGIST_PNTTM,FRST_REGISTER_ID,LAST_UPDT_PNTTM,LAST_UPDUSR_ID) VALUES ('COM039','002','정치','정치','Y',SYSDATETIME,'SYSTEM',SYSDATETIME,'SYSTEM');
INSERT INTO TC_CMMNDETAILCODE(CODE_ID,CODE,CODE_NM,CODE_DC,USE_AT,FRST_REGIST_PNTTM,FRST_REGISTER_ID,LAST_UPDT_PNTTM,LAST_UPDUSR_ID) VALUES ('COM039','003','경제','경제','Y',SYSDATETIME,'SYSTEM',SYSDATETIME,'SYSTEM');
INSERT INTO TC_CMMNDETAILCODE(CODE_ID,CODE,CODE_NM,CODE_DC,USE_AT,FRST_REGIST_PNTTM,FRST_REGISTER_ID,LAST_UPDT_PNTTM,LAST_UPDUSR_ID) VALUES ('COM039','004','문화','문화','Y',SYSDATETIME,'SYSTEM',SYSDATETIME,'SYSTEM');
INSERT INTO TC_CMMNDETAILCODE(CODE_ID,CODE,CODE_NM,CODE_DC,USE_AT,FRST_REGIST_PNTTM,FRST_REGISTER_ID,LAST_UPDT_PNTTM,LAST_UPDUSR_ID) VALUES ('COM039','005','인문','인문','Y',SYSDATETIME,'SYSTEM',SYSDATETIME,'SYSTEM');
INSERT INTO TC_CMMNDETAILCODE(CODE_ID,CODE,CODE_NM,CODE_DC,USE_AT,FRST_REGIST_PNTTM,FRST_REGISTER_ID,LAST_UPDT_PNTTM,LAST_UPDUSR_ID) VALUES ('COM039','006','공학','공학','Y',SYSDATETIME,'SYSTEM',SYSDATETIME,'SYSTEM');
INSERT INTO TC_CMMNDETAILCODE(CODE_ID,CODE,CODE_NM,CODE_DC,USE_AT,FRST_REGIST_PNTTM,FRST_REGISTER_ID,LAST_UPDT_PNTTM,LAST_UPDUSR_ID) VALUES ('COM039','007','기타','기타','Y',SYSDATETIME,'SYSTEM',SYSDATETIME,'SYSTEM');
INSERT INTO TC_CMMNDETAILCODE(CODE_ID,CODE,CODE_NM,CODE_DC,USE_AT,FRST_REGIST_PNTTM,FRST_REGISTER_ID,LAST_UPDT_PNTTM,LAST_UPDUSR_ID) VALUES ('COM040','01','휴가계획서','휴가계획서','Y',SYSDATETIME,'SYSTEM',SYSDATETIME,'SYSTEM');
INSERT INTO TC_CMMNDETAILCODE(CODE_ID,CODE,CODE_NM,CODE_DC,USE_AT,FRST_REGIST_PNTTM,FRST_REGISTER_ID,LAST_UPDT_PNTTM,LAST_UPDUSR_ID) VALUES ('COM040','02','출장보고서','출장보고서','Y',SYSDATETIME,'SYSTEM',SYSDATETIME,'SYSTEM');
INSERT INTO TC_CMMNDETAILCODE(CODE_ID,CODE,CODE_NM,CODE_DC,USE_AT,FRST_REGIST_PNTTM,FRST_REGISTER_ID,LAST_UPDT_PNTTM,LAST_UPDUSR_ID) VALUES ('COM040','03','교육보고서','교육보고서','Y',SYSDATETIME,'SYSTEM',SYSDATETIME,'SYSTEM');
INSERT INTO TC_CMMNDETAILCODE(CODE_ID,CODE,CODE_NM,CODE_DC,USE_AT,FRST_REGIST_PNTTM,FRST_REGISTER_ID,LAST_UPDT_PNTTM,LAST_UPDUSR_ID) VALUES ('COM040','04','판품요청서','판품요청서','Y',SYSDATETIME,'SYSTEM',SYSDATETIME,'SYSTEM');
INSERT INTO TC_CMMNDETAILCODE(CODE_ID,CODE,CODE_NM,CODE_DC,USE_AT,FRST_REGIST_PNTTM,FRST_REGISTER_ID,LAST_UPDT_PNTTM,LAST_UPDUSR_ID) VALUES ('COM040','05','지원요청서','지원요청서','Y',SYSDATETIME,'SYSTEM',SYSDATETIME,'SYSTEM');
INSERT INTO TC_CMMNDETAILCODE(CODE_ID,CODE,CODE_NM,CODE_DC,USE_AT,FRST_REGIST_PNTTM,FRST_REGISTER_ID,LAST_UPDT_PNTTM,LAST_UPDUSR_ID) VALUES ('COM041','001','절차설명','절차설명','Y',SYSDATETIME,'SYSTEM',SYSDATETIME,'SYSTEM');
INSERT INTO TC_CMMNDETAILCODE(CODE_ID,CODE,CODE_NM,CODE_DC,USE_AT,FRST_REGIST_PNTTM,FRST_REGISTER_ID,LAST_UPDT_PNTTM,LAST_UPDUSR_ID) VALUES ('COM041','002','기능설명','기능설명','Y',SYSDATETIME,'SYSTEM',SYSDATETIME,'SYSTEM');
INSERT INTO TC_CMMNDETAILCODE(CODE_ID,CODE,CODE_NM,CODE_DC,USE_AT,FRST_REGIST_PNTTM,FRST_REGISTER_ID,LAST_UPDT_PNTTM,LAST_UPDUSR_ID) VALUES ('COM041','003','기타설명','기타설명','Y',SYSDATETIME,'SYSTEM',SYSDATETIME,'SYSTEM');
INSERT INTO TC_CMMNDETAILCODE(CODE_ID,CODE,CODE_NM,CODE_DC,USE_AT,FRST_REGIST_PNTTM,FRST_REGISTER_ID,LAST_UPDT_PNTTM,LAST_UPDUSR_ID) VALUES ('COM042','%Y','연도별','연도별','Y',SYSDATETIME,'SYSTEM',SYSDATETIME,'SYSTEM');
INSERT INTO TC_CMMNDETAILCODE(CODE_ID,CODE,CODE_NM,CODE_DC,USE_AT,FRST_REGIST_PNTTM,FRST_REGISTER_ID,LAST_UPDT_PNTTM,LAST_UPDUSR_ID) VALUES ('COM042','%Y-%M','월별','월별','Y',SYSDATETIME,'SYSTEM',SYSDATETIME,'SYSTEM');
INSERT INTO TC_CMMNDETAILCODE(CODE_ID,CODE,CODE_NM,CODE_DC,USE_AT,FRST_REGIST_PNTTM,FRST_REGISTER_ID,LAST_UPDT_PNTTM,LAST_UPDUSR_ID) VALUES ('COM042','%Y-%M-%D','일별','일별','Y',SYSDATETIME,'SYSTEM',SYSDATETIME,'SYSTEM');
INSERT INTO TC_CMMNDETAILCODE(CODE_ID,CODE,CODE_NM,CODE_DC,USE_AT,FRST_REGIST_PNTTM,FRST_REGISTER_ID,LAST_UPDT_PNTTM,LAST_UPDUSR_ID) VALUES ('COM043','01','생성','생성','Y',SYSDATETIME,'SYSTEM',SYSDATETIME,'SYSTEM');
INSERT INTO TC_CMMNDETAILCODE(CODE_ID,CODE,CODE_NM,CODE_DC,USE_AT,FRST_REGIST_PNTTM,FRST_REGISTER_ID,LAST_UPDT_PNTTM,LAST_UPDUSR_ID) VALUES ('COM043','02','변경','변경','Y',SYSDATETIME,'SYSTEM',SYSDATETIME,'SYSTEM');
INSERT INTO TC_CMMNDETAILCODE(CODE_ID,CODE,CODE_NM,CODE_DC,USE_AT,FRST_REGIST_PNTTM,FRST_REGISTER_ID,LAST_UPDT_PNTTM,LAST_UPDUSR_ID) VALUES ('COM043','03','말소','말소','Y',SYSDATETIME,'SYSTEM',SYSDATETIME,'SYSTEM');
INSERT INTO TC_CMMNDETAILCODE(CODE_ID,CODE,CODE_NM,CODE_DC,USE_AT,FRST_REGIST_PNTTM,FRST_REGISTER_ID,LAST_UPDT_PNTTM,LAST_UPDUSR_ID) VALUES ('COM044','00','수신처리','수신처리','Y',SYSDATETIME,'SYSTEM',SYSDATETIME,'SYSTEM');
INSERT INTO TC_CMMNDETAILCODE(CODE_ID,CODE,CODE_NM,CODE_DC,USE_AT,FRST_REGIST_PNTTM,FRST_REGISTER_ID,LAST_UPDT_PNTTM,LAST_UPDUSR_ID) VALUES ('COM044','01','처리완료','처리완료','Y',SYSDATETIME,'SYSTEM',SYSDATETIME,'SYSTEM');
INSERT INTO TC_CMMNDETAILCODE(CODE_ID,CODE,CODE_NM,CODE_DC,USE_AT,FRST_REGIST_PNTTM,FRST_REGISTER_ID,LAST_UPDT_PNTTM,LAST_UPDUSR_ID) VALUES ('COM044','10','기등록','기등록','Y',SYSDATETIME,'SYSTEM',SYSDATETIME,'SYSTEM');
INSERT INTO TC_CMMNDETAILCODE(CODE_ID,CODE,CODE_NM,CODE_DC,USE_AT,FRST_REGIST_PNTTM,FRST_REGISTER_ID,LAST_UPDT_PNTTM,LAST_UPDUSR_ID) VALUES ('COM044','11','생성오류','생성오류','Y',SYSDATETIME,'SYSTEM',SYSDATETIME,'SYSTEM');
INSERT INTO TC_CMMNDETAILCODE(CODE_ID,CODE,CODE_NM,CODE_DC,USE_AT,FRST_REGIST_PNTTM,FRST_REGISTER_ID,LAST_UPDT_PNTTM,LAST_UPDUSR_ID) VALUES ('COM044','12','변경오류','변경오류','Y',SYSDATETIME,'SYSTEM',SYSDATETIME,'SYSTEM');
INSERT INTO TC_CMMNDETAILCODE(CODE_ID,CODE,CODE_NM,CODE_DC,USE_AT,FRST_REGIST_PNTTM,FRST_REGISTER_ID,LAST_UPDT_PNTTM,LAST_UPDUSR_ID) VALUES ('COM044','13','말소오류','말소오류','Y',SYSDATETIME,'SYSTEM',SYSDATETIME,'SYSTEM');
INSERT INTO TC_CMMNDETAILCODE(CODE_ID,CODE,CODE_NM,CODE_DC,USE_AT,FRST_REGIST_PNTTM,FRST_REGISTER_ID,LAST_UPDT_PNTTM,LAST_UPDUSR_ID) VALUES ('COM046','01','정상','정상','Y',SYSDATETIME,'SYSTEM',SYSDATETIME,'SYSTEM');
INSERT INTO TC_CMMNDETAILCODE(CODE_ID,CODE,CODE_NM,CODE_DC,USE_AT,FRST_REGIST_PNTTM,FRST_REGISTER_ID,LAST_UPDT_PNTTM,LAST_UPDUSR_ID) VALUES ('COM046','02','비정상','비정상','Y',SYSDATETIME,'SYSTEM',SYSDATETIME,'SYSTEM');
INSERT INTO TC_CMMNDETAILCODE(CODE_ID,CODE,CODE_NM,CODE_DC,USE_AT,FRST_REGIST_PNTTM,FRST_REGISTER_ID,LAST_UPDT_PNTTM,LAST_UPDUSR_ID) VALUES ('COM047','01','매일','매일','Y',SYSDATETIME,'SYSTEM',SYSDATETIME,'SYSTEM');
INSERT INTO TC_CMMNDETAILCODE(CODE_ID,CODE,CODE_NM,CODE_DC,USE_AT,FRST_REGIST_PNTTM,FRST_REGISTER_ID,LAST_UPDT_PNTTM,LAST_UPDUSR_ID) VALUES ('COM047','02','매주','매주','Y',SYSDATETIME,'SYSTEM',SYSDATETIME,'SYSTEM');
INSERT INTO TC_CMMNDETAILCODE(CODE_ID,CODE,CODE_NM,CODE_DC,USE_AT,FRST_REGIST_PNTTM,FRST_REGISTER_ID,LAST_UPDT_PNTTM,LAST_UPDUSR_ID) VALUES ('COM047','03','매월','매월','Y',SYSDATETIME,'SYSTEM',SYSDATETIME,'SYSTEM');
INSERT INTO TC_CMMNDETAILCODE(CODE_ID,CODE,CODE_NM,CODE_DC,USE_AT,FRST_REGIST_PNTTM,FRST_REGISTER_ID,LAST_UPDT_PNTTM,LAST_UPDUSR_ID) VALUES ('COM047','04','매년','매년','Y',SYSDATETIME,'SYSTEM',SYSDATETIME,'SYSTEM');
INSERT INTO TC_CMMNDETAILCODE(CODE_ID,CODE,CODE_NM,CODE_DC,USE_AT,FRST_REGIST_PNTTM,FRST_REGISTER_ID,LAST_UPDT_PNTTM,LAST_UPDUSR_ID) VALUES ('COM047','05','한번만','한번만','Y',SYSDATETIME,'SYSTEM',SYSDATETIME,'SYSTEM');
INSERT INTO TC_CMMNDETAILCODE(CODE_ID,CODE,CODE_NM,CODE_DC,USE_AT,FRST_REGIST_PNTTM,FRST_REGISTER_ID,LAST_UPDT_PNTTM,LAST_UPDUSR_ID) VALUES ('COM048','01','ORACLE','ORACLE','Y',SYSDATETIME,'SYSTEM',SYSDATETIME,'SYSTEM');
INSERT INTO TC_CMMNDETAILCODE(CODE_ID,CODE,CODE_NM,CODE_DC,USE_AT,FRST_REGIST_PNTTM,FRST_REGISTER_ID,LAST_UPDT_PNTTM,LAST_UPDUSR_ID) VALUES ('COM048','02','MYSQL','MYSQL','Y',SYSDATETIME,'SYSTEM',SYSDATETIME,'SYSTEM');
INSERT INTO TC_CMMNDETAILCODE(CODE_ID,CODE,CODE_NM,CODE_DC,USE_AT,FRST_REGIST_PNTTM,FRST_REGISTER_ID,LAST_UPDT_PNTTM,LAST_UPDUSR_ID) VALUES ('COM048','03','TIBERO','TIBERO','Y',SYSDATETIME,'SYSTEM',SYSDATETIME,'SYSTEM');
INSERT INTO TC_CMMNDETAILCODE(CODE_ID,CODE,CODE_NM,CODE_DC,USE_AT,FRST_REGIST_PNTTM,FRST_REGISTER_ID,LAST_UPDT_PNTTM,LAST_UPDUSR_ID) VALUES ('COM048','04','ALTIBASE','ALTIBASE','Y',SYSDATETIME,'SYSTEM',SYSDATETIME,'SYSTEM');
INSERT INTO TC_CMMNDETAILCODE(CODE_ID,CODE,CODE_NM,CODE_DC,USE_AT,FRST_REGIST_PNTTM,FRST_REGISTER_ID,LAST_UPDT_PNTTM,LAST_UPDUSR_ID) VALUES ('COM049','01','TAR','TAR','Y',SYSDATETIME,'SYSTEM',SYSDATETIME,'SYSTEM');
INSERT INTO TC_CMMNDETAILCODE(CODE_ID,CODE,CODE_NM,CODE_DC,USE_AT,FRST_REGIST_PNTTM,FRST_REGISTER_ID,LAST_UPDT_PNTTM,LAST_UPDUSR_ID) VALUES ('COM049','02','ZIP','ZIP','Y',SYSDATETIME,'SYSTEM',SYSDATETIME,'SYSTEM');
INSERT INTO TC_CMMNDETAILCODE(CODE_ID,CODE,CODE_NM,CODE_DC,USE_AT,FRST_REGIST_PNTTM,FRST_REGISTER_ID,LAST_UPDT_PNTTM,LAST_UPDUSR_ID) VALUES ('COM050','1','수신','수신','Y',SYSDATETIME,'SYSTEM',SYSDATETIME,'SYSTEM');
INSERT INTO TC_CMMNDETAILCODE(CODE_ID,CODE,CODE_NM,CODE_DC,USE_AT,FRST_REGIST_PNTTM,FRST_REGISTER_ID,LAST_UPDT_PNTTM,LAST_UPDUSR_ID) VALUES ('COM050','2','참조','참조','Y',SYSDATETIME,'SYSTEM',SYSDATETIME,'SYSTEM');
INSERT INTO TC_CMMNDETAILCODE(CODE_ID,CODE,CODE_NM,CODE_DC,USE_AT,FRST_REGIST_PNTTM,FRST_REGISTER_ID,LAST_UPDT_PNTTM,LAST_UPDUSR_ID) VALUES ('COM051','01','신청중','신청중','Y',SYSDATETIME,'SYSTEM',SYSDATETIME,'SYSTEM');
INSERT INTO TC_CMMNDETAILCODE(CODE_ID,CODE,CODE_NM,CODE_DC,USE_AT,FRST_REGIST_PNTTM,FRST_REGISTER_ID,LAST_UPDT_PNTTM,LAST_UPDUSR_ID) VALUES ('COM051','02','승인','승인','Y',SYSDATETIME,'SYSTEM',SYSDATETIME,'SYSTEM');
INSERT INTO TC_CMMNDETAILCODE(CODE_ID,CODE,CODE_NM,CODE_DC,USE_AT,FRST_REGIST_PNTTM,FRST_REGISTER_ID,LAST_UPDT_PNTTM,LAST_UPDUSR_ID) VALUES ('COM051','03','반려','반려','Y',SYSDATETIME,'SYSTEM',SYSDATETIME,'SYSTEM');
INSERT INTO TC_CMMNDETAILCODE(CODE_ID,CODE,CODE_NM,CODE_DC,USE_AT,FRST_REGIST_PNTTM,FRST_REGISTER_ID,LAST_UPDT_PNTTM,LAST_UPDUSR_ID) VALUES ('COM052','01','양력','양력','Y',SYSDATETIME,'SYSTEM',SYSDATETIME,'SYSTEM');
INSERT INTO TC_CMMNDETAILCODE(CODE_ID,CODE,CODE_NM,CODE_DC,USE_AT,FRST_REGIST_PNTTM,FRST_REGISTER_ID,LAST_UPDT_PNTTM,LAST_UPDUSR_ID) VALUES ('COM052','02','음력','음력','Y',SYSDATETIME,'SYSTEM',SYSDATETIME,'SYSTEM');
INSERT INTO TC_CMMNDETAILCODE(CODE_ID,CODE,CODE_NM,CODE_DC,USE_AT,FRST_REGIST_PNTTM,FRST_REGISTER_ID,LAST_UPDT_PNTTM,LAST_UPDUSR_ID) VALUES ('COM053','01','교육','교육','Y',SYSDATETIME,'SYSTEM',SYSDATETIME,'SYSTEM');
INSERT INTO TC_CMMNDETAILCODE(CODE_ID,CODE,CODE_NM,CODE_DC,USE_AT,FRST_REGIST_PNTTM,FRST_REGISTER_ID,LAST_UPDT_PNTTM,LAST_UPDUSR_ID) VALUES ('COM053','02','세미나','세미나','Y',SYSDATETIME,'SYSTEM',SYSDATETIME,'SYSTEM');
INSERT INTO TC_CMMNDETAILCODE(CODE_ID,CODE,CODE_NM,CODE_DC,USE_AT,FRST_REGIST_PNTTM,FRST_REGISTER_ID,LAST_UPDT_PNTTM,LAST_UPDUSR_ID) VALUES ('COM053','03','홍보','홍보','Y',SYSDATETIME,'SYSTEM',SYSDATETIME,'SYSTEM');
INSERT INTO TC_CMMNDETAILCODE(CODE_ID,CODE,CODE_NM,CODE_DC,USE_AT,FRST_REGIST_PNTTM,FRST_REGISTER_ID,LAST_UPDT_PNTTM,LAST_UPDUSR_ID) VALUES ('COM053','04','단합','단합','Y',SYSDATETIME,'SYSTEM',SYSDATETIME,'SYSTEM');
INSERT INTO TC_CMMNDETAILCODE(CODE_ID,CODE,CODE_NM,CODE_DC,USE_AT,FRST_REGIST_PNTTM,FRST_REGISTER_ID,LAST_UPDT_PNTTM,LAST_UPDUSR_ID) VALUES ('COM053','05','간담회','간담회','Y',SYSDATETIME,'SYSTEM',SYSDATETIME,'SYSTEM');
INSERT INTO TC_CMMNDETAILCODE(CODE_ID,CODE,CODE_NM,CODE_DC,USE_AT,FRST_REGIST_PNTTM,FRST_REGISTER_ID,LAST_UPDT_PNTTM,LAST_UPDUSR_ID) VALUES ('COM053','99','기타','기타','Y',SYSDATETIME,'SYSTEM',SYSDATETIME,'SYSTEM');
INSERT INTO TC_CMMNDETAILCODE(CODE_ID,CODE,CODE_NM,CODE_DC,USE_AT,FRST_REGIST_PNTTM,FRST_REGISTER_ID,LAST_UPDT_PNTTM,LAST_UPDUSR_ID) VALUES ('COM054','01','결혼','결혼','Y',SYSDATETIME,'SYSTEM',SYSDATETIME,'SYSTEM');
INSERT INTO TC_CMMNDETAILCODE(CODE_ID,CODE,CODE_NM,CODE_DC,USE_AT,FRST_REGIST_PNTTM,FRST_REGISTER_ID,LAST_UPDT_PNTTM,LAST_UPDUSR_ID) VALUES ('COM054','02','출생','출생','Y',SYSDATETIME,'SYSTEM',SYSDATETIME,'SYSTEM');
INSERT INTO TC_CMMNDETAILCODE(CODE_ID,CODE,CODE_NM,CODE_DC,USE_AT,FRST_REGIST_PNTTM,FRST_REGISTER_ID,LAST_UPDT_PNTTM,LAST_UPDUSR_ID) VALUES ('COM054','03','회갑','회갑','Y',SYSDATETIME,'SYSTEM',SYSDATETIME,'SYSTEM');
INSERT INTO TC_CMMNDETAILCODE(CODE_ID,CODE,CODE_NM,CODE_DC,USE_AT,FRST_REGIST_PNTTM,FRST_REGISTER_ID,LAST_UPDT_PNTTM,LAST_UPDUSR_ID) VALUES ('COM054','04','사망','사망','Y',SYSDATETIME,'SYSTEM',SYSDATETIME,'SYSTEM');
INSERT INTO TC_CMMNDETAILCODE(CODE_ID,CODE,CODE_NM,CODE_DC,USE_AT,FRST_REGIST_PNTTM,FRST_REGISTER_ID,LAST_UPDT_PNTTM,LAST_UPDUSR_ID) VALUES ('COM054','05','출산','출산','Y',SYSDATETIME,'SYSTEM',SYSDATETIME,'SYSTEM');
INSERT INTO TC_CMMNDETAILCODE(CODE_ID,CODE,CODE_NM,CODE_DC,USE_AT,FRST_REGIST_PNTTM,FRST_REGISTER_ID,LAST_UPDT_PNTTM,LAST_UPDUSR_ID) VALUES ('COM054','99','기타','기타','Y',SYSDATETIME,'SYSTEM',SYSDATETIME,'SYSTEM');
INSERT INTO TC_CMMNDETAILCODE(CODE_ID,CODE,CODE_NM,CODE_DC,USE_AT,FRST_REGIST_PNTTM,FRST_REGISTER_ID,LAST_UPDT_PNTTM,LAST_UPDUSR_ID) VALUES ('COM055','01','우수사원','우수사원','Y',SYSDATETIME,'SYSTEM',SYSDATETIME,'SYSTEM');
INSERT INTO TC_CMMNDETAILCODE(CODE_ID,CODE,CODE_NM,CODE_DC,USE_AT,FRST_REGIST_PNTTM,FRST_REGISTER_ID,LAST_UPDT_PNTTM,LAST_UPDUSR_ID) VALUES ('COM055','02','우수팀','우수팀','Y',SYSDATETIME,'SYSTEM',SYSDATETIME,'SYSTEM');
INSERT INTO TC_CMMNDETAILCODE(CODE_ID,CODE,CODE_NM,CODE_DC,USE_AT,FRST_REGIST_PNTTM,FRST_REGISTER_ID,LAST_UPDT_PNTTM,LAST_UPDUSR_ID) VALUES ('COM055','99','기타','기타','Y',SYSDATETIME,'SYSTEM',SYSDATETIME,'SYSTEM');
INSERT INTO TC_CMMNDETAILCODE(CODE_ID,CODE,CODE_NM,CODE_DC,USE_AT,FRST_REGIST_PNTTM,FRST_REGISTER_ID,LAST_UPDT_PNTTM,LAST_UPDUSR_ID) VALUES ('COM056','01','연차휴가','연차휴가','Y',SYSDATETIME,'SYSTEM',SYSDATETIME,'SYSTEM');
INSERT INTO TC_CMMNDETAILCODE(CODE_ID,CODE,CODE_NM,CODE_DC,USE_AT,FRST_REGIST_PNTTM,FRST_REGISTER_ID,LAST_UPDT_PNTTM,LAST_UPDUSR_ID) VALUES ('COM056','02','반차휴가','반차휴가','Y',SYSDATETIME,'SYSTEM',SYSDATETIME,'SYSTEM');
INSERT INTO TC_CMMNDETAILCODE(CODE_ID,CODE,CODE_NM,CODE_DC,USE_AT,FRST_REGIST_PNTTM,FRST_REGISTER_ID,LAST_UPDT_PNTTM,LAST_UPDUSR_ID) VALUES ('COM056','03','무급휴가','무급휴가','Y',SYSDATETIME,'SYSTEM',SYSDATETIME,'SYSTEM');
INSERT INTO TC_CMMNDETAILCODE(CODE_ID,CODE,CODE_NM,CODE_DC,USE_AT,FRST_REGIST_PNTTM,FRST_REGISTER_ID,LAST_UPDT_PNTTM,LAST_UPDUSR_ID) VALUES ('COM056','04','유급휴가','유급휴가','Y',SYSDATETIME,'SYSTEM',SYSDATETIME,'SYSTEM');
INSERT INTO TC_CMMNDETAILCODE(CODE_ID,CODE,CODE_NM,CODE_DC,USE_AT,FRST_REGIST_PNTTM,FRST_REGISTER_ID,LAST_UPDT_PNTTM,LAST_UPDUSR_ID) VALUES ('COM056','05','대체휴가','대체휴가','Y',SYSDATETIME,'SYSTEM',SYSDATETIME,'SYSTEM');
INSERT INTO TC_CMMNDETAILCODE(CODE_ID,CODE,CODE_NM,CODE_DC,USE_AT,FRST_REGIST_PNTTM,FRST_REGISTER_ID,LAST_UPDT_PNTTM,LAST_UPDUSR_ID) VALUES ('COM056','99','기타','기타','Y',SYSDATETIME,'SYSTEM',SYSDATETIME,'SYSTEM');
INSERT INTO TC_CMMNDETAILCODE(CODE_ID,CODE,CODE_NM,CODE_DC,USE_AT,FRST_REGIST_PNTTM,FRST_REGISTER_ID,LAST_UPDT_PNTTM,LAST_UPDUSR_ID) VALUES ('COM057','1','회의','회의','Y',SYSDATETIME,'SYSTEM',SYSDATETIME,'SYSTEM');
INSERT INTO TC_CMMNDETAILCODE(CODE_ID,CODE,CODE_NM,CODE_DC,USE_AT,FRST_REGIST_PNTTM,FRST_REGISTER_ID,LAST_UPDT_PNTTM,LAST_UPDUSR_ID) VALUES ('COM057','2','방문','방문','Y',SYSDATETIME,'SYSTEM',SYSDATETIME,'SYSTEM');
INSERT INTO TC_CMMNDETAILCODE(CODE_ID,CODE,CODE_NM,CODE_DC,USE_AT,FRST_REGIST_PNTTM,FRST_REGISTER_ID,LAST_UPDT_PNTTM,LAST_UPDUSR_ID) VALUES ('COM057','3','세미나','세미나','Y',SYSDATETIME,'SYSTEM',SYSDATETIME,'SYSTEM');
INSERT INTO TC_CMMNDETAILCODE(CODE_ID,CODE,CODE_NM,CODE_DC,USE_AT,FRST_REGIST_PNTTM,FRST_REGISTER_ID,LAST_UPDT_PNTTM,LAST_UPDUSR_ID) VALUES ('COM057','4','기타','기타','Y',SYSDATETIME,'SYSTEM',SYSDATETIME,'SYSTEM');
INSERT INTO TC_CMMNDETAILCODE(CODE_ID,CODE,CODE_NM,CODE_DC,USE_AT,FRST_REGIST_PNTTM,FRST_REGISTER_ID,LAST_UPDT_PNTTM,LAST_UPDUSR_ID) VALUES ('COM058','1','반복없음','당일','Y',SYSDATETIME,'SYSTEM',SYSDATETIME,'SYSTEM');
INSERT INTO TC_CMMNDETAILCODE(CODE_ID,CODE,CODE_NM,CODE_DC,USE_AT,FRST_REGIST_PNTTM,FRST_REGISTER_ID,LAST_UPDT_PNTTM,LAST_UPDUSR_ID) VALUES ('COM058','2','매일','매일','Y',SYSDATETIME,'SYSTEM',SYSDATETIME,'SYSTEM');
INSERT INTO TC_CMMNDETAILCODE(CODE_ID,CODE,CODE_NM,CODE_DC,USE_AT,FRST_REGIST_PNTTM,FRST_REGISTER_ID,LAST_UPDT_PNTTM,LAST_UPDUSR_ID) VALUES ('COM058','3','매주','매주','Y',SYSDATETIME,'SYSTEM',SYSDATETIME,'SYSTEM');
INSERT INTO TC_CMMNDETAILCODE(CODE_ID,CODE,CODE_NM,CODE_DC,USE_AT,FRST_REGIST_PNTTM,FRST_REGISTER_ID,LAST_UPDT_PNTTM,LAST_UPDUSR_ID) VALUES ('COM058','4','매월','매월','Y',SYSDATETIME,'SYSTEM',SYSDATETIME,'SYSTEM');
INSERT INTO TC_CMMNDETAILCODE(CODE_ID,CODE,CODE_NM,CODE_DC,USE_AT,FRST_REGIST_PNTTM,FRST_REGISTER_ID,LAST_UPDT_PNTTM,LAST_UPDUSR_ID) VALUES ('COM059','1','높음','높음','Y',SYSDATETIME,'SYSTEM',SYSDATETIME,'SYSTEM');
INSERT INTO TC_CMMNDETAILCODE(CODE_ID,CODE,CODE_NM,CODE_DC,USE_AT,FRST_REGIST_PNTTM,FRST_REGISTER_ID,LAST_UPDT_PNTTM,LAST_UPDUSR_ID) VALUES ('COM059','2','보통','보통','Y',SYSDATETIME,'SYSTEM',SYSDATETIME,'SYSTEM');
INSERT INTO TC_CMMNDETAILCODE(CODE_ID,CODE,CODE_NM,CODE_DC,USE_AT,FRST_REGIST_PNTTM,FRST_REGISTER_ID,LAST_UPDT_PNTTM,LAST_UPDUSR_ID) VALUES ('COM059','3','낮음','낮음','Y',SYSDATETIME,'SYSTEM',SYSDATETIME,'SYSTEM');
INSERT INTO TC_CMMNDETAILCODE(CODE_ID,CODE,CODE_NM,CODE_DC,USE_AT,FRST_REGIST_PNTTM,FRST_REGISTER_ID,LAST_UPDT_PNTTM,LAST_UPDUSR_ID) VALUES ('COM060','1','주간보고','주간보고','Y',SYSDATETIME,'SYSTEM',SYSDATETIME,'SYSTEM');
INSERT INTO TC_CMMNDETAILCODE(CODE_ID,CODE,CODE_NM,CODE_DC,USE_AT,FRST_REGIST_PNTTM,FRST_REGISTER_ID,LAST_UPDT_PNTTM,LAST_UPDUSR_ID) VALUES ('COM060','2','월간보고','월간보고','Y',SYSDATETIME,'SYSTEM',SYSDATETIME,'SYSTEM');
INSERT INTO TC_CMMNDETAILCODE(CODE_ID,CODE,CODE_NM,CODE_DC,USE_AT,FRST_REGIST_PNTTM,FRST_REGISTER_ID,LAST_UPDT_PNTTM,LAST_UPDUSR_ID) VALUES ('COM061','1','재실','재실','Y',SYSDATETIME,'SYSTEM',SYSDATETIME,'SYSTEM');
INSERT INTO TC_CMMNDETAILCODE(CODE_ID,CODE,CODE_NM,CODE_DC,USE_AT,FRST_REGIST_PNTTM,FRST_REGISTER_ID,LAST_UPDT_PNTTM,LAST_UPDUSR_ID) VALUES ('COM061','2','자리비움','자리비움','Y',SYSDATETIME,'SYSTEM',SYSDATETIME,'SYSTEM');
INSERT INTO TC_CMMNDETAILCODE(CODE_ID,CODE,CODE_NM,CODE_DC,USE_AT,FRST_REGIST_PNTTM,FRST_REGISTER_ID,LAST_UPDT_PNTTM,LAST_UPDUSR_ID) VALUES ('COM061','3','회의중','회의중','Y',SYSDATETIME,'SYSTEM',SYSDATETIME,'SYSTEM');
INSERT INTO TC_CMMNDETAILCODE(CODE_ID,CODE,CODE_NM,CODE_DC,USE_AT,FRST_REGIST_PNTTM,FRST_REGISTER_ID,LAST_UPDT_PNTTM,LAST_UPDUSR_ID) VALUES ('COM061','4','출장중','출장중','Y',SYSDATETIME,'SYSTEM',SYSDATETIME,'SYSTEM');
INSERT INTO TC_CMMNDETAILCODE(CODE_ID,CODE,CODE_NM,CODE_DC,USE_AT,FRST_REGIST_PNTTM,FRST_REGISTER_ID,LAST_UPDT_PNTTM,LAST_UPDUSR_ID) VALUES ('COM061','5','휴가중','휴가중','Y',SYSDATETIME,'SYSTEM',SYSDATETIME,'SYSTEM');
INSERT INTO TC_CMMNDETAILCODE(CODE_ID,CODE,CODE_NM,CODE_DC,USE_AT,FRST_REGIST_PNTTM,FRST_REGISTER_ID,LAST_UPDT_PNTTM,LAST_UPDUSR_ID) VALUES ('COM062','100','CONTINUE ','CONTINUE ','Y',SYSDATETIME,'SYSTEM',SYSDATETIME,'SYSTEM');
INSERT INTO TC_CMMNDETAILCODE(CODE_ID,CODE,CODE_NM,CODE_DC,USE_AT,FRST_REGIST_PNTTM,FRST_REGISTER_ID,LAST_UPDT_PNTTM,LAST_UPDUSR_ID) VALUES ('COM062','101','SWITCHING PROTOCOLS ','SWITCHING PROTOCOLS ','Y',SYSDATETIME,'SYSTEM',SYSDATETIME,'SYSTEM');
INSERT INTO TC_CMMNDETAILCODE(CODE_ID,CODE,CODE_NM,CODE_DC,USE_AT,FRST_REGIST_PNTTM,FRST_REGISTER_ID,LAST_UPDT_PNTTM,LAST_UPDUSR_ID) VALUES ('COM062','200','OK ','OK ','Y',SYSDATETIME,'SYSTEM',SYSDATETIME,'SYSTEM');
INSERT INTO TC_CMMNDETAILCODE(CODE_ID,CODE,CODE_NM,CODE_DC,USE_AT,FRST_REGIST_PNTTM,FRST_REGISTER_ID,LAST_UPDT_PNTTM,LAST_UPDUSR_ID) VALUES ('COM062','201','CREATED ','CREATED ','Y',SYSDATETIME,'SYSTEM',SYSDATETIME,'SYSTEM');
INSERT INTO TC_CMMNDETAILCODE(CODE_ID,CODE,CODE_NM,CODE_DC,USE_AT,FRST_REGIST_PNTTM,FRST_REGISTER_ID,LAST_UPDT_PNTTM,LAST_UPDUSR_ID) VALUES ('COM062','202','ACCEPTED ','ACCEPTED ','Y',SYSDATETIME,'SYSTEM',SYSDATETIME,'SYSTEM');
INSERT INTO TC_CMMNDETAILCODE(CODE_ID,CODE,CODE_NM,CODE_DC,USE_AT,FRST_REGIST_PNTTM,FRST_REGISTER_ID,LAST_UPDT_PNTTM,LAST_UPDUSR_ID) VALUES ('COM062','203','NON-AUTHORITATIVE INFORMATION ','NON-AUTHORITATIVE INFORMATION ','Y',SYSDATETIME,'SYSTEM',SYSDATETIME,'SYSTEM');
INSERT INTO TC_CMMNDETAILCODE(CODE_ID,CODE,CODE_NM,CODE_DC,USE_AT,FRST_REGIST_PNTTM,FRST_REGISTER_ID,LAST_UPDT_PNTTM,LAST_UPDUSR_ID) VALUES ('COM062','204','NO CONTENT ','NO CONTENT ','Y',SYSDATETIME,'SYSTEM',SYSDATETIME,'SYSTEM');
INSERT INTO TC_CMMNDETAILCODE(CODE_ID,CODE,CODE_NM,CODE_DC,USE_AT,FRST_REGIST_PNTTM,FRST_REGISTER_ID,LAST_UPDT_PNTTM,LAST_UPDUSR_ID) VALUES ('COM062','205','RESET CONTENT ','RESET CONTENT ','Y',SYSDATETIME,'SYSTEM',SYSDATETIME,'SYSTEM');
INSERT INTO TC_CMMNDETAILCODE(CODE_ID,CODE,CODE_NM,CODE_DC,USE_AT,FRST_REGIST_PNTTM,FRST_REGISTER_ID,LAST_UPDT_PNTTM,LAST_UPDUSR_ID) VALUES ('COM062','206','PARTIAL CONTENT ','PARTIAL CONTENT ','Y',SYSDATETIME,'SYSTEM',SYSDATETIME,'SYSTEM');
INSERT INTO TC_CMMNDETAILCODE(CODE_ID,CODE,CODE_NM,CODE_DC,USE_AT,FRST_REGIST_PNTTM,FRST_REGISTER_ID,LAST_UPDT_PNTTM,LAST_UPDUSR_ID) VALUES ('COM062','300','MULTIPLE CHOICES ','MULTIPLE CHOICES ','Y',SYSDATETIME,'SYSTEM',SYSDATETIME,'SYSTEM');
INSERT INTO TC_CMMNDETAILCODE(CODE_ID,CODE,CODE_NM,CODE_DC,USE_AT,FRST_REGIST_PNTTM,FRST_REGISTER_ID,LAST_UPDT_PNTTM,LAST_UPDUSR_ID) VALUES ('COM062','301','MOVED PERMANENTLY ','MOVED PERMANENTLY ','Y',SYSDATETIME,'SYSTEM',SYSDATETIME,'SYSTEM');
INSERT INTO TC_CMMNDETAILCODE(CODE_ID,CODE,CODE_NM,CODE_DC,USE_AT,FRST_REGIST_PNTTM,FRST_REGISTER_ID,LAST_UPDT_PNTTM,LAST_UPDUSR_ID) VALUES ('COM062','302','FOUND ','FOUND ','Y',SYSDATETIME,'SYSTEM',SYSDATETIME,'SYSTEM');
INSERT INTO TC_CMMNDETAILCODE(CODE_ID,CODE,CODE_NM,CODE_DC,USE_AT,FRST_REGIST_PNTTM,FRST_REGISTER_ID,LAST_UPDT_PNTTM,LAST_UPDUSR_ID) VALUES ('COM062','303','SEE OTHER ','SEE OTHER ','Y',SYSDATETIME,'SYSTEM',SYSDATETIME,'SYSTEM');
INSERT INTO TC_CMMNDETAILCODE(CODE_ID,CODE,CODE_NM,CODE_DC,USE_AT,FRST_REGIST_PNTTM,FRST_REGISTER_ID,LAST_UPDT_PNTTM,LAST_UPDUSR_ID) VALUES ('COM062','304','NOT MODIFIED ','NOT MODIFIED ','Y',SYSDATETIME,'SYSTEM',SYSDATETIME,'SYSTEM');
INSERT INTO TC_CMMNDETAILCODE(CODE_ID,CODE,CODE_NM,CODE_DC,USE_AT,FRST_REGIST_PNTTM,FRST_REGISTER_ID,LAST_UPDT_PNTTM,LAST_UPDUSR_ID) VALUES ('COM062','305','USE PROXY ','USE PROXY ','Y',SYSDATETIME,'SYSTEM',SYSDATETIME,'SYSTEM');
INSERT INTO TC_CMMNDETAILCODE(CODE_ID,CODE,CODE_NM,CODE_DC,USE_AT,FRST_REGIST_PNTTM,FRST_REGISTER_ID,LAST_UPDT_PNTTM,LAST_UPDUSR_ID) VALUES ('COM062','307','TEMPORARY REDIRECT ','TEMPORARY REDIRECT ','Y',SYSDATETIME,'SYSTEM',SYSDATETIME,'SYSTEM');
INSERT INTO TC_CMMNDETAILCODE(CODE_ID,CODE,CODE_NM,CODE_DC,USE_AT,FRST_REGIST_PNTTM,FRST_REGISTER_ID,LAST_UPDT_PNTTM,LAST_UPDUSR_ID) VALUES ('COM062','400','BAD REQUEST ','BAD REQUEST ','Y',SYSDATETIME,'SYSTEM',SYSDATETIME,'SYSTEM');
INSERT INTO TC_CMMNDETAILCODE(CODE_ID,CODE,CODE_NM,CODE_DC,USE_AT,FRST_REGIST_PNTTM,FRST_REGISTER_ID,LAST_UPDT_PNTTM,LAST_UPDUSR_ID) VALUES ('COM062','401','UNAUTHORIZED ','UNAUTHORIZED ','Y',SYSDATETIME,'SYSTEM',SYSDATETIME,'SYSTEM');
INSERT INTO TC_CMMNDETAILCODE(CODE_ID,CODE,CODE_NM,CODE_DC,USE_AT,FRST_REGIST_PNTTM,FRST_REGISTER_ID,LAST_UPDT_PNTTM,LAST_UPDUSR_ID) VALUES ('COM062','403','FORBIDDEN ','FORBIDDEN ','Y',SYSDATETIME,'SYSTEM',SYSDATETIME,'SYSTEM');
INSERT INTO TC_CMMNDETAILCODE(CODE_ID,CODE,CODE_NM,CODE_DC,USE_AT,FRST_REGIST_PNTTM,FRST_REGISTER_ID,LAST_UPDT_PNTTM,LAST_UPDUSR_ID) VALUES ('COM062','404','NOT FOUND ','NOT FOUND ','Y',SYSDATETIME,'SYSTEM',SYSDATETIME,'SYSTEM');
INSERT INTO TC_CMMNDETAILCODE(CODE_ID,CODE,CODE_NM,CODE_DC,USE_AT,FRST_REGIST_PNTTM,FRST_REGISTER_ID,LAST_UPDT_PNTTM,LAST_UPDUSR_ID) VALUES ('COM062','405','METHOD NOT ALLOWED ','METHOD NOT ALLOWED ','Y',SYSDATETIME,'SYSTEM',SYSDATETIME,'SYSTEM');
INSERT INTO TC_CMMNDETAILCODE(CODE_ID,CODE,CODE_NM,CODE_DC,USE_AT,FRST_REGIST_PNTTM,FRST_REGISTER_ID,LAST_UPDT_PNTTM,LAST_UPDUSR_ID) VALUES ('COM062','406','NOT ACCEPTABLE ','NOT ACCEPTABLE ','Y',SYSDATETIME,'SYSTEM',SYSDATETIME,'SYSTEM');
INSERT INTO TC_CMMNDETAILCODE(CODE_ID,CODE,CODE_NM,CODE_DC,USE_AT,FRST_REGIST_PNTTM,FRST_REGISTER_ID,LAST_UPDT_PNTTM,LAST_UPDUSR_ID) VALUES ('COM062','407','PROXY AUTHENTICATION REQUIRED ','PROXY AUTHENTICATION REQUIRED ','Y',SYSDATETIME,'SYSTEM',SYSDATETIME,'SYSTEM');
INSERT INTO TC_CMMNDETAILCODE(CODE_ID,CODE,CODE_NM,CODE_DC,USE_AT,FRST_REGIST_PNTTM,FRST_REGISTER_ID,LAST_UPDT_PNTTM,LAST_UPDUSR_ID) VALUES ('COM062','408','REQUEST TIMEOUT ','REQUEST TIMEOUT ','Y',SYSDATETIME,'SYSTEM',SYSDATETIME,'SYSTEM');
INSERT INTO TC_CMMNDETAILCODE(CODE_ID,CODE,CODE_NM,CODE_DC,USE_AT,FRST_REGIST_PNTTM,FRST_REGISTER_ID,LAST_UPDT_PNTTM,LAST_UPDUSR_ID) VALUES ('COM062','409','CONFLICT ','CONFLICT ','Y',SYSDATETIME,'SYSTEM',SYSDATETIME,'SYSTEM');
INSERT INTO TC_CMMNDETAILCODE(CODE_ID,CODE,CODE_NM,CODE_DC,USE_AT,FRST_REGIST_PNTTM,FRST_REGISTER_ID,LAST_UPDT_PNTTM,LAST_UPDUSR_ID) VALUES ('COM062','410','GONE ','GONE ','Y',SYSDATETIME,'SYSTEM',SYSDATETIME,'SYSTEM');
INSERT INTO TC_CMMNDETAILCODE(CODE_ID,CODE,CODE_NM,CODE_DC,USE_AT,FRST_REGIST_PNTTM,FRST_REGISTER_ID,LAST_UPDT_PNTTM,LAST_UPDUSR_ID) VALUES ('COM062','411','LENGTH REQUIRED ','LENGTH REQUIRED ','Y',SYSDATETIME,'SYSTEM',SYSDATETIME,'SYSTEM');
INSERT INTO TC_CMMNDETAILCODE(CODE_ID,CODE,CODE_NM,CODE_DC,USE_AT,FRST_REGIST_PNTTM,FRST_REGISTER_ID,LAST_UPDT_PNTTM,LAST_UPDUSR_ID) VALUES ('COM062','412','PRECONDITION FAILED ','PRECONDITION FAILED ','Y',SYSDATETIME,'SYSTEM',SYSDATETIME,'SYSTEM');
INSERT INTO TC_CMMNDETAILCODE(CODE_ID,CODE,CODE_NM,CODE_DC,USE_AT,FRST_REGIST_PNTTM,FRST_REGISTER_ID,LAST_UPDT_PNTTM,LAST_UPDUSR_ID) VALUES ('COM062','413','REQUEST ENTITY TOO LARGE ','REQUEST ENTITY TOO LARGE ','Y',SYSDATETIME,'SYSTEM',SYSDATETIME,'SYSTEM');
INSERT INTO TC_CMMNDETAILCODE(CODE_ID,CODE,CODE_NM,CODE_DC,USE_AT,FRST_REGIST_PNTTM,FRST_REGISTER_ID,LAST_UPDT_PNTTM,LAST_UPDUSR_ID) VALUES ('COM062','414','REQUEST URI TOO LONG ','REQUEST URI TOO LONG ','Y',SYSDATETIME,'SYSTEM',SYSDATETIME,'SYSTEM');
INSERT INTO TC_CMMNDETAILCODE(CODE_ID,CODE,CODE_NM,CODE_DC,USE_AT,FRST_REGIST_PNTTM,FRST_REGISTER_ID,LAST_UPDT_PNTTM,LAST_UPDUSR_ID) VALUES ('COM062','415','UNSUPPORTED MEDIA TYPE ','UNSUPPORTED MEDIA TYPE ','Y',SYSDATETIME,'SYSTEM',SYSDATETIME,'SYSTEM');
INSERT INTO TC_CMMNDETAILCODE(CODE_ID,CODE,CODE_NM,CODE_DC,USE_AT,FRST_REGIST_PNTTM,FRST_REGISTER_ID,LAST_UPDT_PNTTM,LAST_UPDUSR_ID) VALUES ('COM062','416','REQUESTED RANGE NOT SATISFIABLE ','REQUESTED RANGE NOT SATISFIABLE ','Y',SYSDATETIME,'SYSTEM',SYSDATETIME,'SYSTEM');
INSERT INTO TC_CMMNDETAILCODE(CODE_ID,CODE,CODE_NM,CODE_DC,USE_AT,FRST_REGIST_PNTTM,FRST_REGISTER_ID,LAST_UPDT_PNTTM,LAST_UPDUSR_ID) VALUES ('COM062','417','EXPECTATION FAILED ','EXPECTATION FAILED ','Y',SYSDATETIME,'SYSTEM',SYSDATETIME,'SYSTEM');
INSERT INTO TC_CMMNDETAILCODE(CODE_ID,CODE,CODE_NM,CODE_DC,USE_AT,FRST_REGIST_PNTTM,FRST_REGISTER_ID,LAST_UPDT_PNTTM,LAST_UPDUSR_ID) VALUES ('COM062','500','INTERNAL SERVER ERROR ','INTERNAL SERVER ERROR ','Y',SYSDATETIME,'SYSTEM',SYSDATETIME,'SYSTEM');
INSERT INTO TC_CMMNDETAILCODE(CODE_ID,CODE,CODE_NM,CODE_DC,USE_AT,FRST_REGIST_PNTTM,FRST_REGISTER_ID,LAST_UPDT_PNTTM,LAST_UPDUSR_ID) VALUES ('COM062','501','NOT IMPLEMENTED ','NOT IMPLEMENTED ','Y',SYSDATETIME,'SYSTEM',SYSDATETIME,'SYSTEM');
INSERT INTO TC_CMMNDETAILCODE(CODE_ID,CODE,CODE_NM,CODE_DC,USE_AT,FRST_REGIST_PNTTM,FRST_REGISTER_ID,LAST_UPDT_PNTTM,LAST_UPDUSR_ID) VALUES ('COM062','502','BAD GATEWAY ','BAD GATEWAY ','Y',SYSDATETIME,'SYSTEM',SYSDATETIME,'SYSTEM');
INSERT INTO TC_CMMNDETAILCODE(CODE_ID,CODE,CODE_NM,CODE_DC,USE_AT,FRST_REGIST_PNTTM,FRST_REGISTER_ID,LAST_UPDT_PNTTM,LAST_UPDUSR_ID) VALUES ('COM062','503','SERVICE UNAVAILABLE ','SERVICE UNAVAILABLE ','Y',SYSDATETIME,'SYSTEM',SYSDATETIME,'SYSTEM');
INSERT INTO TC_CMMNDETAILCODE(CODE_ID,CODE,CODE_NM,CODE_DC,USE_AT,FRST_REGIST_PNTTM,FRST_REGISTER_ID,LAST_UPDT_PNTTM,LAST_UPDUSR_ID) VALUES ('COM062','504','GATEWAY TIMEOUT ','GATEWAY TIMEOUT ','Y',SYSDATETIME,'SYSTEM',SYSDATETIME,'SYSTEM');
INSERT INTO TC_CMMNDETAILCODE(CODE_ID,CODE,CODE_NM,CODE_DC,USE_AT,FRST_REGIST_PNTTM,FRST_REGISTER_ID,LAST_UPDT_PNTTM,LAST_UPDUSR_ID) VALUES ('COM062','505','HTTP VERSION NOT SUPPORTED ','HTTP VERSION NOT SUPPORTED ','Y',SYSDATETIME,'SYSTEM',SYSDATETIME,'SYSTEM');
INSERT INTO TC_CMMNDETAILCODE(CODE_ID,CODE,CODE_NM,CODE_DC,USE_AT,FRST_REGIST_PNTTM,FRST_REGISTER_ID,LAST_UPDT_PNTTM,LAST_UPDUSR_ID) VALUES ('COM063','100','RUNNABLE','RUNNABLE','Y',SYSDATETIME,'SYSTEM',SYSDATETIME,'SYSTEM');
INSERT INTO TC_CMMNDETAILCODE(CODE_ID,CODE,CODE_NM,CODE_DC,USE_AT,FRST_REGIST_PNTTM,FRST_REGISTER_ID,LAST_UPDT_PNTTM,LAST_UPDUSR_ID) VALUES ('COM063','200','SLEEPING','SLEEPING','Y',SYSDATETIME,'SYSTEM',SYSDATETIME,'SYSTEM');
INSERT INTO TC_CMMNDETAILCODE(CODE_ID,CODE,CODE_NM,CODE_DC,USE_AT,FRST_REGIST_PNTTM,FRST_REGISTER_ID,LAST_UPDT_PNTTM,LAST_UPDUSR_ID) VALUES ('COM063','300','SWAPPED','SWAPPED','Y',SYSDATETIME,'SYSTEM',SYSDATETIME,'SYSTEM');
INSERT INTO TC_CMMNDETAILCODE(CODE_ID,CODE,CODE_NM,CODE_DC,USE_AT,FRST_REGIST_PNTTM,FRST_REGISTER_ID,LAST_UPDT_PNTTM,LAST_UPDUSR_ID) VALUES ('COM063','400','ZOMBIE','ZOMBIE','Y',SYSDATETIME,'SYSTEM',SYSDATETIME,'SYSTEM');
INSERT INTO TC_CMMNDETAILCODE(CODE_ID,CODE,CODE_NM,CODE_DC,USE_AT,FRST_REGIST_PNTTM,FRST_REGISTER_ID,LAST_UPDT_PNTTM,LAST_UPDUSR_ID) VALUES ('COM063','500','STOPPED','STOPPED','Y',SYSDATETIME,'SYSTEM',SYSDATETIME,'SYSTEM');
INSERT INTO TC_CMMNDETAILCODE(CODE_ID,CODE,CODE_NM,CODE_DC,USE_AT,FRST_REGIST_PNTTM,FRST_REGISTER_ID,LAST_UPDT_PNTTM,LAST_UPDUSR_ID) VALUES ('COM064','01','웹 서버','웹 서버','Y',SYSDATETIME,'SYSTEM',SYSDATETIME,'SYSTEM');
INSERT INTO TC_CMMNDETAILCODE(CODE_ID,CODE,CODE_NM,CODE_DC,USE_AT,FRST_REGIST_PNTTM,FRST_REGISTER_ID,LAST_UPDT_PNTTM,LAST_UPDUSR_ID) VALUES ('COM064','02','WAS','WAS','Y',SYSDATETIME,'SYSTEM',SYSDATETIME,'SYSTEM');
INSERT INTO TC_CMMNDETAILCODE(CODE_ID,CODE,CODE_NM,CODE_DC,USE_AT,FRST_REGIST_PNTTM,FRST_REGISTER_ID,LAST_UPDT_PNTTM,LAST_UPDUSR_ID) VALUES ('COM064','03','DB 서버','DB 서버','Y',SYSDATETIME,'SYSTEM',SYSDATETIME,'SYSTEM');
INSERT INTO TC_CMMNDETAILCODE(CODE_ID,CODE,CODE_NM,CODE_DC,USE_AT,FRST_REGIST_PNTTM,FRST_REGISTER_ID,LAST_UPDT_PNTTM,LAST_UPDUSR_ID) VALUES ('COM064','04','MAIL 서버','MAIL 서버','Y',SYSDATETIME,'SYSTEM',SYSDATETIME,'SYSTEM');
INSERT INTO TC_CMMNDETAILCODE(CODE_ID,CODE,CODE_NM,CODE_DC,USE_AT,FRST_REGIST_PNTTM,FRST_REGISTER_ID,LAST_UPDT_PNTTM,LAST_UPDUSR_ID) VALUES ('COM064','05','DNS 서버','DNS 서버','Y',SYSDATETIME,'SYSTEM',SYSDATETIME,'SYSTEM');
INSERT INTO TC_CMMNDETAILCODE(CODE_ID,CODE,CODE_NM,CODE_DC,USE_AT,FRST_REGIST_PNTTM,FRST_REGISTER_ID,LAST_UPDT_PNTTM,LAST_UPDUSR_ID) VALUES ('COM064','99','기타 서버','기타 서버','Y',SYSDATETIME,'SYSTEM',SYSDATETIME,'SYSTEM');
INSERT INTO TC_CMMNDETAILCODE(CODE_ID,CODE,CODE_NM,CODE_DC,USE_AT,FRST_REGIST_PNTTM,FRST_REGISTER_ID,LAST_UPDT_PNTTM,LAST_UPDUSR_ID) VALUES ('COM065','01','네트워크 장애','네트워크 장애','Y',SYSDATETIME,'SYSTEM',SYSDATETIME,'SYSTEM');
INSERT INTO TC_CMMNDETAILCODE(CODE_ID,CODE,CODE_NM,CODE_DC,USE_AT,FRST_REGIST_PNTTM,FRST_REGISTER_ID,LAST_UPDT_PNTTM,LAST_UPDUSR_ID) VALUES ('COM065','02','하드웨어 장애','하드웨어 장애','Y',SYSDATETIME,'SYSTEM',SYSDATETIME,'SYSTEM');
INSERT INTO TC_CMMNDETAILCODE(CODE_ID,CODE,CODE_NM,CODE_DC,USE_AT,FRST_REGIST_PNTTM,FRST_REGISTER_ID,LAST_UPDT_PNTTM,LAST_UPDUSR_ID) VALUES ('COM065','03','어플리케이션 장애','어플리케이션 장애','Y',SYSDATETIME,'SYSTEM',SYSDATETIME,'SYSTEM');
INSERT INTO TC_CMMNDETAILCODE(CODE_ID,CODE,CODE_NM,CODE_DC,USE_AT,FRST_REGIST_PNTTM,FRST_REGISTER_ID,LAST_UPDT_PNTTM,LAST_UPDUSR_ID) VALUES ('COM065','04','서비스 장애','서비스 장애','Y',SYSDATETIME,'SYSTEM',SYSDATETIME,'SYSTEM');
INSERT INTO TC_CMMNDETAILCODE(CODE_ID,CODE,CODE_NM,CODE_DC,USE_AT,FRST_REGIST_PNTTM,FRST_REGISTER_ID,LAST_UPDT_PNTTM,LAST_UPDUSR_ID) VALUES ('COM065','05','모니터링 장애','모니터링 장애','Y',SYSDATETIME,'SYSTEM',SYSDATETIME,'SYSTEM');
INSERT INTO TC_CMMNDETAILCODE(CODE_ID,CODE,CODE_NM,CODE_DC,USE_AT,FRST_REGIST_PNTTM,FRST_REGISTER_ID,LAST_UPDT_PNTTM,LAST_UPDUSR_ID) VALUES ('COM065','06','정전','정전','Y',SYSDATETIME,'SYSTEM',SYSDATETIME,'SYSTEM');
INSERT INTO TC_CMMNDETAILCODE(CODE_ID,CODE,CODE_NM,CODE_DC,USE_AT,FRST_REGIST_PNTTM,FRST_REGISTER_ID,LAST_UPDT_PNTTM,LAST_UPDUSR_ID) VALUES ('COM065','07','화재','화재','Y',SYSDATETIME,'SYSTEM',SYSDATETIME,'SYSTEM');
INSERT INTO TC_CMMNDETAILCODE(CODE_ID,CODE,CODE_NM,CODE_DC,USE_AT,FRST_REGIST_PNTTM,FRST_REGISTER_ID,LAST_UPDT_PNTTM,LAST_UPDUSR_ID) VALUES ('COM065','08','홍수','홍수','Y',SYSDATETIME,'SYSTEM',SYSDATETIME,'SYSTEM');
INSERT INTO TC_CMMNDETAILCODE(CODE_ID,CODE,CODE_NM,CODE_DC,USE_AT,FRST_REGIST_PNTTM,FRST_REGISTER_ID,LAST_UPDT_PNTTM,LAST_UPDUSR_ID) VALUES ('COM065','99','기타 장애','기타 장애','Y',SYSDATETIME,'SYSTEM',SYSDATETIME,'SYSTEM');
INSERT INTO TC_CMMNDETAILCODE(CODE_ID,CODE,CODE_NM,CODE_DC,USE_AT,FRST_REGIST_PNTTM,FRST_REGISTER_ID,LAST_UPDT_PNTTM,LAST_UPDUSR_ID) VALUES ('COM066','01','CPU','CPU','Y',SYSDATETIME,'SYSTEM',SYSDATETIME,'SYSTEM');
INSERT INTO TC_CMMNDETAILCODE(CODE_ID,CODE,CODE_NM,CODE_DC,USE_AT,FRST_REGIST_PNTTM,FRST_REGISTER_ID,LAST_UPDT_PNTTM,LAST_UPDUSR_ID) VALUES ('COM066','02','메모리','메모리','Y',SYSDATETIME,'SYSTEM',SYSDATETIME,'SYSTEM');
INSERT INTO TC_CMMNDETAILCODE(CODE_ID,CODE,CODE_NM,CODE_DC,USE_AT,FRST_REGIST_PNTTM,FRST_REGISTER_ID,LAST_UPDT_PNTTM,LAST_UPDUSR_ID) VALUES ('COM067','01','서버','서버','Y',SYSDATETIME,'SYSTEM',SYSDATETIME,'SYSTEM');
INSERT INTO TC_CMMNDETAILCODE(CODE_ID,CODE,CODE_NM,CODE_DC,USE_AT,FRST_REGIST_PNTTM,FRST_REGISTER_ID,LAST_UPDT_PNTTM,LAST_UPDUSR_ID) VALUES ('COM067','02','라우터','라우터','Y',SYSDATETIME,'SYSTEM',SYSDATETIME,'SYSTEM');
INSERT INTO TC_CMMNDETAILCODE(CODE_ID,CODE,CODE_NM,CODE_DC,USE_AT,FRST_REGIST_PNTTM,FRST_REGISTER_ID,LAST_UPDT_PNTTM,LAST_UPDUSR_ID) VALUES ('COM067','03','스위치','스위치','Y',SYSDATETIME,'SYSTEM',SYSDATETIME,'SYSTEM');
INSERT INTO TC_CMMNDETAILCODE(CODE_ID,CODE,CODE_NM,CODE_DC,USE_AT,FRST_REGIST_PNTTM,FRST_REGISTER_ID,LAST_UPDT_PNTTM,LAST_UPDUSR_ID) VALUES ('COM067','04','PC','PC','Y',SYSDATETIME,'SYSTEM',SYSDATETIME,'SYSTEM');
INSERT INTO TC_CMMNDETAILCODE(CODE_ID,CODE,CODE_NM,CODE_DC,USE_AT,FRST_REGIST_PNTTM,FRST_REGISTER_ID,LAST_UPDT_PNTTM,LAST_UPDUSR_ID) VALUES ('COM067','05','프린터','프린터','Y',SYSDATETIME,'SYSTEM',SYSDATETIME,'SYSTEM');
INSERT INTO TC_CMMNDETAILCODE(CODE_ID,CODE,CODE_NM,CODE_DC,USE_AT,FRST_REGIST_PNTTM,FRST_REGISTER_ID,LAST_UPDT_PNTTM,LAST_UPDUSR_ID) VALUES ('COM067','99','기타','기타','Y',SYSDATETIME,'SYSTEM',SYSDATETIME,'SYSTEM');
INSERT INTO TC_CMMNDETAILCODE(CODE_ID,CODE,CODE_NM,CODE_DC,USE_AT,FRST_REGIST_PNTTM,FRST_REGISTER_ID,LAST_UPDT_PNTTM,LAST_UPDUSR_ID) VALUES ('COM068','A','접수','접수','Y',SYSDATETIME,'SYSTEM',SYSDATETIME,'SYSTEM');
INSERT INTO TC_CMMNDETAILCODE(CODE_ID,CODE,CODE_NM,CODE_DC,USE_AT,FRST_REGIST_PNTTM,FRST_REGISTER_ID,LAST_UPDT_PNTTM,LAST_UPDUSR_ID) VALUES ('COM068','C','완료','완료','Y',SYSDATETIME,'SYSTEM',SYSDATETIME,'SYSTEM');
INSERT INTO TC_CMMNDETAILCODE(CODE_ID,CODE,CODE_NM,CODE_DC,USE_AT,FRST_REGIST_PNTTM,FRST_REGISTER_ID,LAST_UPDT_PNTTM,LAST_UPDUSR_ID) VALUES ('COM068','R','요청','요청','Y',SYSDATETIME,'SYSTEM',SYSDATETIME,'SYSTEM');
INSERT INTO TC_CMMNDETAILCODE(CODE_ID,CODE,CODE_NM,CODE_DC,USE_AT,FRST_REGIST_PNTTM,FRST_REGISTER_ID,LAST_UPDT_PNTTM,LAST_UPDUSR_ID) VALUES ('COM069','01','생일','생일','Y',SYSDATETIME,'SYSTEM',SYSDATETIME,'SYSTEM');
INSERT INTO TC_CMMNDETAILCODE(CODE_ID,CODE,CODE_NM,CODE_DC,USE_AT,FRST_REGIST_PNTTM,FRST_REGISTER_ID,LAST_UPDT_PNTTM,LAST_UPDUSR_ID) VALUES ('COM069','02','기념','기념','N',SYSDATETIME,'SYSTEM',SYSDATETIME,'SYSTEM');
INSERT INTO TC_CMMNDETAILCODE(CODE_ID,CODE,CODE_NM,CODE_DC,USE_AT,FRST_REGIST_PNTTM,FRST_REGISTER_ID,LAST_UPDT_PNTTM,LAST_UPDUSR_ID) VALUES ('COM069','03','결혼','결혼','Y',SYSDATETIME,'SYSTEM',SYSDATETIME,'SYSTEM');
INSERT INTO TC_CMMNDETAILCODE(CODE_ID,CODE,CODE_NM,CODE_DC,USE_AT,FRST_REGIST_PNTTM,FRST_REGISTER_ID,LAST_UPDT_PNTTM,LAST_UPDUSR_ID) VALUES ('COM069','04','탄생','탄생','Y',SYSDATETIME,'SYSTEM',SYSDATETIME,'SYSTEM');
INSERT INTO TC_CMMNDETAILCODE(CODE_ID,CODE,CODE_NM,CODE_DC,USE_AT,FRST_REGIST_PNTTM,FRST_REGISTER_ID,LAST_UPDT_PNTTM,LAST_UPDUSR_ID) VALUES ('COM069','05','축하','축하','Y',SYSDATETIME,'SYSTEM',SYSDATETIME,'SYSTEM');
INSERT INTO TC_CMMNDETAILCODE(CODE_ID,CODE,CODE_NM,CODE_DC,USE_AT,FRST_REGIST_PNTTM,FRST_REGISTER_ID,LAST_UPDT_PNTTM,LAST_UPDUSR_ID) VALUES ('COM069','06','출장','출장','Y',SYSDATETIME,'SYSTEM',SYSDATETIME,'SYSTEM');
INSERT INTO TC_CMMNDETAILCODE(CODE_ID,CODE,CODE_NM,CODE_DC,USE_AT,FRST_REGIST_PNTTM,FRST_REGISTER_ID,LAST_UPDT_PNTTM,LAST_UPDUSR_ID) VALUES ('COM069','07','퇴원','퇴원','Y',SYSDATETIME,'SYSTEM',SYSDATETIME,'SYSTEM');
INSERT INTO TC_CMMNDETAILCODE(CODE_ID,CODE,CODE_NM,CODE_DC,USE_AT,FRST_REGIST_PNTTM,FRST_REGISTER_ID,LAST_UPDT_PNTTM,LAST_UPDUSR_ID) VALUES ('COM069','99','기타','기타','Y',SYSDATETIME,'SYSTEM',SYSDATETIME,'SYSTEM');
INSERT INTO TC_CMMNDETAILCODE(CODE_ID,CODE,CODE_NM,CODE_DC,USE_AT,FRST_REGIST_PNTTM,FRST_REGISTER_ID,LAST_UPDT_PNTTM,LAST_UPDUSR_ID) VALUES ('COM070','01','본관1층','본관1층','Y',SYSDATETIME,'SYSTEM',SYSDATETIME,'SYSTEM');
INSERT INTO TC_CMMNDETAILCODE(CODE_ID,CODE,CODE_NM,CODE_DC,USE_AT,FRST_REGIST_PNTTM,FRST_REGISTER_ID,LAST_UPDT_PNTTM,LAST_UPDUSR_ID) VALUES ('COM070','02','본관2층','본관2층','Y',SYSDATETIME,'SYSTEM',SYSDATETIME,'SYSTEM');
INSERT INTO TC_CMMNDETAILCODE(CODE_ID,CODE,CODE_NM,CODE_DC,USE_AT,FRST_REGIST_PNTTM,FRST_REGISTER_ID,LAST_UPDT_PNTTM,LAST_UPDUSR_ID) VALUES ('COM070','03','본관3층','본관3층','Y',SYSDATETIME,'SYSTEM',SYSDATETIME,'SYSTEM');
INSERT INTO TC_CMMNDETAILCODE(CODE_ID,CODE,CODE_NM,CODE_DC,USE_AT,FRST_REGIST_PNTTM,FRST_REGISTER_ID,LAST_UPDT_PNTTM,LAST_UPDUSR_ID) VALUES ('COM070','04','본관4층','본관4층','Y',SYSDATETIME,'SYSTEM',SYSDATETIME,'SYSTEM');
INSERT INTO TC_CMMNDETAILCODE(CODE_ID,CODE,CODE_NM,CODE_DC,USE_AT,FRST_REGIST_PNTTM,FRST_REGISTER_ID,LAST_UPDT_PNTTM,LAST_UPDUSR_ID) VALUES ('COM070','05','본관5층','본관5층','Y',SYSDATETIME,'SYSTEM',SYSDATETIME,'SYSTEM');
INSERT INTO TC_CMMNDETAILCODE(CODE_ID,CODE,CODE_NM,CODE_DC,USE_AT,FRST_REGIST_PNTTM,FRST_REGISTER_ID,LAST_UPDT_PNTTM,LAST_UPDUSR_ID) VALUES ('COM070','06','별관1층','별관1층','Y',SYSDATETIME,'SYSTEM',SYSDATETIME,'SYSTEM');
INSERT INTO TC_CMMNDETAILCODE(CODE_ID,CODE,CODE_NM,CODE_DC,USE_AT,FRST_REGIST_PNTTM,FRST_REGISTER_ID,LAST_UPDT_PNTTM,LAST_UPDUSR_ID) VALUES ('COM070','07','별관2층','별관2층','Y',SYSDATETIME,'SYSTEM',SYSDATETIME,'SYSTEM');
INSERT INTO TC_CMMNDETAILCODE(CODE_ID,CODE,CODE_NM,CODE_DC,USE_AT,FRST_REGIST_PNTTM,FRST_REGISTER_ID,LAST_UPDT_PNTTM,LAST_UPDUSR_ID) VALUES ('COM070','99','기타','기타','Y',SYSDATETIME,'SYSTEM',SYSDATETIME,'SYSTEM');
INSERT INTO TC_CMMNDETAILCODE(CODE_ID,CODE,CODE_NM,CODE_DC,USE_AT,FRST_REGIST_PNTTM,FRST_REGISTER_ID,LAST_UPDT_PNTTM,LAST_UPDUSR_ID) VALUES ('COM071','01','전기시설','전기시설','Y',SYSDATETIME,'SYSTEM',SYSDATETIME,'SYSTEM');
INSERT INTO TC_CMMNDETAILCODE(CODE_ID,CODE,CODE_NM,CODE_DC,USE_AT,FRST_REGIST_PNTTM,FRST_REGISTER_ID,LAST_UPDT_PNTTM,LAST_UPDUSR_ID) VALUES ('COM071','02','소등상태','소등상태','Y',SYSDATETIME,'SYSTEM',SYSDATETIME,'SYSTEM');
INSERT INTO TC_CMMNDETAILCODE(CODE_ID,CODE,CODE_NM,CODE_DC,USE_AT,FRST_REGIST_PNTTM,FRST_REGISTER_ID,LAST_UPDT_PNTTM,LAST_UPDUSR_ID) VALUES ('COM071','03','방화요소','방화요소','Y',SYSDATETIME,'SYSTEM',SYSDATETIME,'SYSTEM');
INSERT INTO TC_CMMNDETAILCODE(CODE_ID,CODE,CODE_NM,CODE_DC,USE_AT,FRST_REGIST_PNTTM,FRST_REGISTER_ID,LAST_UPDT_PNTTM,LAST_UPDUSR_ID) VALUES ('COM071','04','소방시설','소방시설','Y',SYSDATETIME,'SYSTEM',SYSDATETIME,'SYSTEM');
INSERT INTO TC_CMMNDETAILCODE(CODE_ID,CODE,CODE_NM,CODE_DC,USE_AT,FRST_REGIST_PNTTM,FRST_REGISTER_ID,LAST_UPDT_PNTTM,LAST_UPDUSR_ID) VALUES ('COM071','05','비상 KEY','비상 KEY','Y',SYSDATETIME,'SYSTEM',SYSDATETIME,'SYSTEM');
INSERT INTO TC_CMMNDETAILCODE(CODE_ID,CODE,CODE_NM,CODE_DC,USE_AT,FRST_REGIST_PNTTM,FRST_REGISTER_ID,LAST_UPDT_PNTTM,LAST_UPDUSR_ID) VALUES ('COM071','06','시건장치','시건장치','Y',SYSDATETIME,'SYSTEM',SYSDATETIME,'SYSTEM');
INSERT INTO TC_CMMNDETAILCODE(CODE_ID,CODE,CODE_NM,CODE_DC,USE_AT,FRST_REGIST_PNTTM,FRST_REGISTER_ID,LAST_UPDT_PNTTM,LAST_UPDUSR_ID) VALUES ('COM071','99','기타','기타','Y',SYSDATETIME,'SYSTEM',SYSDATETIME,'SYSTEM');
INSERT INTO TC_CMMNDETAILCODE(CODE_ID,CODE,CODE_NM,CODE_DC,USE_AT,FRST_REGIST_PNTTM,FRST_REGISTER_ID,LAST_UPDT_PNTTM,LAST_UPDUSR_ID) VALUES ('COM072','01','정상','정상','Y',SYSDATETIME,'SYSTEM',SYSDATETIME,'SYSTEM');
INSERT INTO TC_CMMNDETAILCODE(CODE_ID,CODE,CODE_NM,CODE_DC,USE_AT,FRST_REGIST_PNTTM,FRST_REGISTER_ID,LAST_UPDT_PNTTM,LAST_UPDUSR_ID) VALUES ('COM072','02','오류','오류','Y',SYSDATETIME,'SYSTEM',SYSDATETIME,'SYSTEM');
INSERT INTO TC_CMMNDETAILCODE(CODE_ID,CODE,CODE_NM,CODE_DC,USE_AT,FRST_REGIST_PNTTM,FRST_REGISTER_ID,LAST_UPDT_PNTTM,LAST_UPDUSR_ID) VALUES ('COM072','03','중지','중지','Y',SYSDATETIME,'SYSTEM',SYSDATETIME,'SYSTEM');
INSERT INTO TC_CMMNDETAILCODE(CODE_ID,CODE,CODE_NM,CODE_DC,USE_AT,FRST_REGIST_PNTTM,FRST_REGISTER_ID,LAST_UPDT_PNTTM,LAST_UPDUSR_ID) VALUES ('COM072','09','기타','기타','Y',SYSDATETIME,'SYSTEM',SYSDATETIME,'SYSTEM');
INSERT INTO TC_CMMNDETAILCODE(CODE_ID,CODE,CODE_NM,CODE_DC,USE_AT,FRST_REGIST_PNTTM,FRST_REGISTER_ID,LAST_UPDT_PNTTM,LAST_UPDUSR_ID) VALUES ('COM073','01','본인','본인','Y',SYSDATETIME,'SYSTEM',SYSDATETIME,'SYSTEM');
INSERT INTO TC_CMMNDETAILCODE(CODE_ID,CODE,CODE_NM,CODE_DC,USE_AT,FRST_REGIST_PNTTM,FRST_REGISTER_ID,LAST_UPDT_PNTTM,LAST_UPDUSR_ID) VALUES ('COM073','02','배우자','배우자','Y',SYSDATETIME,'SYSTEM',SYSDATETIME,'SYSTEM');
INSERT INTO TC_CMMNDETAILCODE(CODE_ID,CODE,CODE_NM,CODE_DC,USE_AT,FRST_REGIST_PNTTM,FRST_REGISTER_ID,LAST_UPDT_PNTTM,LAST_UPDUSR_ID) VALUES ('COM073','03','자녀','자녀','Y',SYSDATETIME,'SYSTEM',SYSDATETIME,'SYSTEM');
INSERT INTO TC_CMMNDETAILCODE(CODE_ID,CODE,CODE_NM,CODE_DC,USE_AT,FRST_REGIST_PNTTM,FRST_REGISTER_ID,LAST_UPDT_PNTTM,LAST_UPDUSR_ID) VALUES ('COM073','04','부친','부친','Y',SYSDATETIME,'SYSTEM',SYSDATETIME,'SYSTEM');
INSERT INTO TC_CMMNDETAILCODE(CODE_ID,CODE,CODE_NM,CODE_DC,USE_AT,FRST_REGIST_PNTTM,FRST_REGISTER_ID,LAST_UPDT_PNTTM,LAST_UPDUSR_ID) VALUES ('COM073','05','모친','모친','Y',SYSDATETIME,'SYSTEM',SYSDATETIME,'SYSTEM');
INSERT INTO TC_CMMNDETAILCODE(CODE_ID,CODE,CODE_NM,CODE_DC,USE_AT,FRST_REGIST_PNTTM,FRST_REGISTER_ID,LAST_UPDT_PNTTM,LAST_UPDUSR_ID) VALUES ('COM073','06','배우자부친','배우자부친','Y',SYSDATETIME,'SYSTEM',SYSDATETIME,'SYSTEM');
INSERT INTO TC_CMMNDETAILCODE(CODE_ID,CODE,CODE_NM,CODE_DC,USE_AT,FRST_REGIST_PNTTM,FRST_REGISTER_ID,LAST_UPDT_PNTTM,LAST_UPDUSR_ID) VALUES ('COM073','07','배우자모친','배우자모친','Y',SYSDATETIME,'SYSTEM',SYSDATETIME,'SYSTEM');
INSERT INTO TC_CMMNDETAILCODE(CODE_ID,CODE,CODE_NM,CODE_DC,USE_AT,FRST_REGIST_PNTTM,FRST_REGISTER_ID,LAST_UPDT_PNTTM,LAST_UPDUSR_ID) VALUES ('COM073','08','조부','조부','Y',SYSDATETIME,'SYSTEM',SYSDATETIME,'SYSTEM');
INSERT INTO TC_CMMNDETAILCODE(CODE_ID,CODE,CODE_NM,CODE_DC,USE_AT,FRST_REGIST_PNTTM,FRST_REGISTER_ID,LAST_UPDT_PNTTM,LAST_UPDUSR_ID) VALUES ('COM073','09','조모','조모','Y',SYSDATETIME,'SYSTEM',SYSDATETIME,'SYSTEM');
INSERT INTO TC_CMMNDETAILCODE(CODE_ID,CODE,CODE_NM,CODE_DC,USE_AT,FRST_REGIST_PNTTM,FRST_REGISTER_ID,LAST_UPDT_PNTTM,LAST_UPDUSR_ID) VALUES ('COM073','10','형제자매(본인)','형제자매(본인)','Y',SYSDATETIME,'SYSTEM',SYSDATETIME,'SYSTEM');
INSERT INTO TC_CMMNDETAILCODE(CODE_ID,CODE,CODE_NM,CODE_DC,USE_AT,FRST_REGIST_PNTTM,FRST_REGISTER_ID,LAST_UPDT_PNTTM,LAST_UPDUSR_ID) VALUES ('COM073','11','외조부','외조부','Y',SYSDATETIME,'SYSTEM',SYSDATETIME,'SYSTEM');
INSERT INTO TC_CMMNDETAILCODE(CODE_ID,CODE,CODE_NM,CODE_DC,USE_AT,FRST_REGIST_PNTTM,FRST_REGISTER_ID,LAST_UPDT_PNTTM,LAST_UPDUSR_ID) VALUES ('COM073','12','외조모','외조모','Y',SYSDATETIME,'SYSTEM',SYSDATETIME,'SYSTEM');
INSERT INTO TC_CMMNDETAILCODE(CODE_ID,CODE,CODE_NM,CODE_DC,USE_AT,FRST_REGIST_PNTTM,FRST_REGISTER_ID,LAST_UPDT_PNTTM,LAST_UPDUSR_ID) VALUES ('COM073','13','백숙부','백숙부','Y',SYSDATETIME,'SYSTEM',SYSDATETIME,'SYSTEM');
INSERT INTO TC_CMMNDETAILCODE(CODE_ID,CODE,CODE_NM,CODE_DC,USE_AT,FRST_REGIST_PNTTM,FRST_REGISTER_ID,LAST_UPDT_PNTTM,LAST_UPDUSR_ID) VALUES ('COM073','14','백숙모','백숙모','Y',SYSDATETIME,'SYSTEM',SYSDATETIME,'SYSTEM');
INSERT INTO TC_CMMNDETAILCODE(CODE_ID,CODE,CODE_NM,CODE_DC,USE_AT,FRST_REGIST_PNTTM,FRST_REGISTER_ID,LAST_UPDT_PNTTM,LAST_UPDUSR_ID) VALUES ('COM073','15','형제자매(배우자)','형제자매(배우자)','Y',SYSDATETIME,'SYSTEM',SYSDATETIME,'SYSTEM');
INSERT INTO TC_CMMNDETAILCODE(CODE_ID,CODE,CODE_NM,CODE_DC,USE_AT,FRST_REGIST_PNTTM,FRST_REGISTER_ID,LAST_UPDT_PNTTM,LAST_UPDUSR_ID) VALUES ('COM073','99','기타','기타','Y',SYSDATETIME,'SYSTEM',SYSDATETIME,'SYSTEM');
INSERT INTO TC_CMMNDETAILCODE(CODE_ID,CODE,CODE_NM,CODE_DC,USE_AT,FRST_REGIST_PNTTM,FRST_REGISTER_ID,LAST_UPDT_PNTTM,LAST_UPDUSR_ID) VALUES ('COM074','1','일요일','일요일','Y',SYSDATETIME,'SYSTEM',SYSDATETIME,'SYSTEM');
INSERT INTO TC_CMMNDETAILCODE(CODE_ID,CODE,CODE_NM,CODE_DC,USE_AT,FRST_REGIST_PNTTM,FRST_REGISTER_ID,LAST_UPDT_PNTTM,LAST_UPDUSR_ID) VALUES ('COM074','2','월요일','월요일','Y',SYSDATETIME,'SYSTEM',SYSDATETIME,'SYSTEM');
INSERT INTO TC_CMMNDETAILCODE(CODE_ID,CODE,CODE_NM,CODE_DC,USE_AT,FRST_REGIST_PNTTM,FRST_REGISTER_ID,LAST_UPDT_PNTTM,LAST_UPDUSR_ID) VALUES ('COM074','3','화요일','화요일','Y',SYSDATETIME,'SYSTEM',SYSDATETIME,'SYSTEM');
INSERT INTO TC_CMMNDETAILCODE(CODE_ID,CODE,CODE_NM,CODE_DC,USE_AT,FRST_REGIST_PNTTM,FRST_REGISTER_ID,LAST_UPDT_PNTTM,LAST_UPDUSR_ID) VALUES ('COM074','4','수요일','수요일','Y',SYSDATETIME,'SYSTEM',SYSDATETIME,'SYSTEM');
INSERT INTO TC_CMMNDETAILCODE(CODE_ID,CODE,CODE_NM,CODE_DC,USE_AT,FRST_REGIST_PNTTM,FRST_REGISTER_ID,LAST_UPDT_PNTTM,LAST_UPDUSR_ID) VALUES ('COM074','5','목요일','목요일','Y',SYSDATETIME,'SYSTEM',SYSDATETIME,'SYSTEM');
INSERT INTO TC_CMMNDETAILCODE(CODE_ID,CODE,CODE_NM,CODE_DC,USE_AT,FRST_REGIST_PNTTM,FRST_REGISTER_ID,LAST_UPDT_PNTTM,LAST_UPDUSR_ID) VALUES ('COM074','6','금요일','금요일','Y',SYSDATETIME,'SYSTEM',SYSDATETIME,'SYSTEM');
INSERT INTO TC_CMMNDETAILCODE(CODE_ID,CODE,CODE_NM,CODE_DC,USE_AT,FRST_REGIST_PNTTM,FRST_REGISTER_ID,LAST_UPDT_PNTTM,LAST_UPDUSR_ID) VALUES ('COM074','7','토요일','토요일','Y',SYSDATETIME,'SYSTEM',SYSDATETIME,'SYSTEM');
INSERT INTO TC_CMMNDETAILCODE(CODE_ID,CODE,CODE_NM,CODE_DC,USE_AT,FRST_REGIST_PNTTM,FRST_REGISTER_ID,LAST_UPDT_PNTTM,LAST_UPDUSR_ID) VALUES ('COM075','001','경조신청','경조신청','Y',SYSDATETIME,'SYSTEM',SYSDATETIME,'SYSTEM');
INSERT INTO TC_CMMNDETAILCODE(CODE_ID,CODE,CODE_NM,CODE_DC,USE_AT,FRST_REGIST_PNTTM,FRST_REGISTER_ID,LAST_UPDT_PNTTM,LAST_UPDUSR_ID) VALUES ('COM075','002','포상신청','포상신청','Y',SYSDATETIME,'SYSTEM',SYSDATETIME,'SYSTEM');
INSERT INTO TC_CMMNDETAILCODE(CODE_ID,CODE,CODE_NM,CODE_DC,USE_AT,FRST_REGIST_PNTTM,FRST_REGISTER_ID,LAST_UPDT_PNTTM,LAST_UPDUSR_ID) VALUES ('COM075','003','휴가신청','휴가신청','Y',SYSDATETIME,'SYSTEM',SYSDATETIME,'SYSTEM');
INSERT INTO TC_CMMNDETAILCODE(CODE_ID,CODE,CODE_NM,CODE_DC,USE_AT,FRST_REGIST_PNTTM,FRST_REGISTER_ID,LAST_UPDT_PNTTM,LAST_UPDUSR_ID) VALUES ('COM075','004','행사신청','행사신청','Y',SYSDATETIME,'SYSTEM',SYSDATETIME,'SYSTEM');
INSERT INTO TC_CMMNDETAILCODE(CODE_ID,CODE,CODE_NM,CODE_DC,USE_AT,FRST_REGIST_PNTTM,FRST_REGISTER_ID,LAST_UPDT_PNTTM,LAST_UPDUSR_ID) VALUES ('COM076','01','정상','정상','Y',SYSDATETIME,'SYSTEM',SYSDATETIME,'SYSTEM');
INSERT INTO TC_CMMNDETAILCODE(CODE_ID,CODE,CODE_NM,CODE_DC,USE_AT,FRST_REGIST_PNTTM,FRST_REGISTER_ID,LAST_UPDT_PNTTM,LAST_UPDUSR_ID) VALUES ('COM076','02','비정상','비정상','Y',SYSDATETIME,'SYSTEM',SYSDATETIME,'SYSTEM');
INSERT INTO TC_CMMNDETAILCODE(CODE_ID,CODE,CODE_NM,CODE_DC,USE_AT,FRST_REGIST_PNTTM,FRST_REGISTER_ID,LAST_UPDT_PNTTM,LAST_UPDUSR_ID) VALUES ('COM076','03','수행중','수행중','Y',SYSDATETIME,'SYSTEM',SYSDATETIME,'SYSTEM');
INSERT INTO TC_CMMNDETAILCODE(CODE_ID,CODE,CODE_NM,CODE_DC,USE_AT,FRST_REGIST_PNTTM,FRST_REGISTER_ID,LAST_UPDT_PNTTM,LAST_UPDUSR_ID) VALUES ('COM077','01','인사부','인사부','Y',SYSDATETIME,'SYSTEM',SYSDATETIME,'SYSTEM');
INSERT INTO TC_CMMNDETAILCODE(CODE_ID,CODE,CODE_NM,CODE_DC,USE_AT,FRST_REGIST_PNTTM,FRST_REGISTER_ID,LAST_UPDT_PNTTM,LAST_UPDUSR_ID) VALUES ('COM077','02','총무부','총무부','Y',SYSDATETIME,'SYSTEM',SYSDATETIME,'SYSTEM');
INSERT INTO TC_CMMNDETAILCODE(CODE_ID,CODE,CODE_NM,CODE_DC,USE_AT,FRST_REGIST_PNTTM,FRST_REGISTER_ID,LAST_UPDT_PNTTM,LAST_UPDUSR_ID) VALUES ('COM077','03','경리부','경리부','Y',SYSDATETIME,'SYSTEM',SYSDATETIME,'SYSTEM');
INSERT INTO TC_CMMNDETAILCODE(CODE_ID,CODE,CODE_NM,CODE_DC,USE_AT,FRST_REGIST_PNTTM,FRST_REGISTER_ID,LAST_UPDT_PNTTM,LAST_UPDUSR_ID) VALUES ('COM077','04','홍보부','홍보부','Y',SYSDATETIME,'SYSTEM',SYSDATETIME,'SYSTEM');
INSERT INTO TC_CMMNDETAILCODE(CODE_ID,CODE,CODE_NM,CODE_DC,USE_AT,FRST_REGIST_PNTTM,FRST_REGISTER_ID,LAST_UPDT_PNTTM,LAST_UPDUSR_ID) VALUES ('COM077','05','영업부','영업부','Y',SYSDATETIME,'SYSTEM',SYSDATETIME,'SYSTEM');
INSERT INTO TC_CMMNDETAILCODE(CODE_ID,CODE,CODE_NM,CODE_DC,USE_AT,FRST_REGIST_PNTTM,FRST_REGISTER_ID,LAST_UPDT_PNTTM,LAST_UPDUSR_ID) VALUES ('COM077','06','감사부','감사부','Y',SYSDATETIME,'SYSTEM',SYSDATETIME,'SYSTEM');
INSERT INTO TC_CMMNDETAILCODE(CODE_ID,CODE,CODE_NM,CODE_DC,USE_AT,FRST_REGIST_PNTTM,FRST_REGISTER_ID,LAST_UPDT_PNTTM,LAST_UPDUSR_ID) VALUES ('COM077','07','기획실','기획실','Y',SYSDATETIME,'SYSTEM',SYSDATETIME,'SYSTEM');
INSERT INTO TC_CMMNDETAILCODE(CODE_ID,CODE,CODE_NM,CODE_DC,USE_AT,FRST_REGIST_PNTTM,FRST_REGISTER_ID,LAST_UPDT_PNTTM,LAST_UPDUSR_ID) VALUES ('COM077','08','비서실','비서실','Y',SYSDATETIME,'SYSTEM',SYSDATETIME,'SYSTEM');
INSERT INTO TC_CMMNDETAILCODE(CODE_ID,CODE,CODE_NM,CODE_DC,USE_AT,FRST_REGIST_PNTTM,FRST_REGISTER_ID,LAST_UPDT_PNTTM,LAST_UPDUSR_ID) VALUES ('COM077','09','출장소','출장소','Y',SYSDATETIME,'SYSTEM',SYSDATETIME,'SYSTEM');
INSERT INTO TC_CMMNDETAILCODE(CODE_ID,CODE,CODE_NM,CODE_DC,USE_AT,FRST_REGIST_PNTTM,FRST_REGISTER_ID,LAST_UPDT_PNTTM,LAST_UPDUSR_ID) VALUES ('COM078','01','개발관련','개발관련','Y',SYSDATETIME,'SYSTEM',SYSDATETIME,'SYSTEM');
INSERT INTO TC_CMMNDETAILCODE(CODE_ID,CODE,CODE_NM,CODE_DC,USE_AT,FRST_REGIST_PNTTM,FRST_REGISTER_ID,LAST_UPDT_PNTTM,LAST_UPDUSR_ID) VALUES ('COM078','02','운영관련','운영관련','Y',SYSDATETIME,'SYSTEM',SYSDATETIME,'SYSTEM');
INSERT INTO TC_CMMNDETAILCODE(CODE_ID,CODE,CODE_NM,CODE_DC,USE_AT,FRST_REGIST_PNTTM,FRST_REGISTER_ID,LAST_UPDT_PNTTM,LAST_UPDUSR_ID) VALUES ('COM078','03','업종관련','업종관련','Y',SYSDATETIME,'SYSTEM',SYSDATETIME,'SYSTEM');
INSERT INTO TC_CMMNDETAILCODE(CODE_ID,CODE,CODE_NM,CODE_DC,USE_AT,FRST_REGIST_PNTTM,FRST_REGISTER_ID,LAST_UPDT_PNTTM,LAST_UPDUSR_ID) VALUES ('COM078','04','기타지식','기타지식','Y',SYSDATETIME,'SYSTEM',SYSDATETIME,'SYSTEM');
INSERT INTO TC_CMMNDETAILCODE(CODE_ID,CODE,CODE_NM,CODE_DC,USE_AT,FRST_REGIST_PNTTM,FRST_REGISTER_ID,LAST_UPDT_PNTTM,LAST_UPDUSR_ID) VALUES ('COM079','01','이슈확인요청','이슈확인요청','Y',SYSDATETIME,'ADMIN',SYSDATETIME,'ADMIN');
INSERT INTO TC_CMMNDETAILCODE(CODE_ID,CODE,CODE_NM,CODE_DC,USE_AT,FRST_REGIST_PNTTM,FRST_REGISTER_ID,LAST_UPDT_PNTTM,LAST_UPDUSR_ID) VALUES ('COM079','02','이슈확인중','이슈확인중','Y',SYSDATETIME,'ADMIN',SYSDATETIME,'ADMIN');
INSERT INTO TC_CMMNDETAILCODE(CODE_ID,CODE,CODE_NM,CODE_DC,USE_AT,FRST_REGIST_PNTTM,FRST_REGISTER_ID,LAST_UPDT_PNTTM,LAST_UPDUSR_ID) VALUES ('COM079','03','이슈확인완료','이슈확인완료','Y',SYSDATETIME,'ADMIN',SYSDATETIME,'ADMIN');
INSERT INTO TC_CMMNDETAILCODE(CODE_ID,CODE,CODE_NM,CODE_DC,USE_AT,FRST_REGIST_PNTTM,FRST_REGISTER_ID,LAST_UPDT_PNTTM,LAST_UPDUSR_ID) VALUES ('COM080','01','일반','일반','Y',SYSDATETIME,'ADMIN',SYSDATETIME,'ADMIN');
INSERT INTO TC_CMMNDETAILCODE(CODE_ID,CODE,CODE_NM,CODE_DC,USE_AT,FRST_REGIST_PNTTM,FRST_REGISTER_ID,LAST_UPDT_PNTTM,LAST_UPDUSR_ID) VALUES ('COM080','02','악몽','악몽','Y',SYSDATETIME,'ADMIN',SYSDATETIME,'ADMIN');
INSERT INTO TC_CMMNDETAILCODE(CODE_ID,CODE,CODE_NM,CODE_DC,USE_AT,FRST_REGIST_PNTTM,FRST_REGISTER_ID,LAST_UPDT_PNTTM,LAST_UPDUSR_ID) VALUES ('COM080','03','지옥','지옥','Y',SYSDATETIME,'ADMIN',SYSDATETIME,'ADMIN');
INSERT INTO TC_CMMNDETAILCODE(CODE_ID,CODE,CODE_NM,CODE_DC,USE_AT,FRST_REGIST_PNTTM,FRST_REGISTER_ID,LAST_UPDT_PNTTM,LAST_UPDUSR_ID) VALUES ('COM080','04','불지옥','불지옥','Y',SYSDATETIME,'ADMIN',SYSDATETIME,'ADMIN');





/* te_boprseq */

insert into TE_BOPRSEQ(TABLE_NAME,NEXT_ID) values ('ADBKUSER_ID',1);
insert into TE_BOPRSEQ(TABLE_NAME,NEXT_ID) values ('ADBK_ID',1);
insert into TE_BOPRSEQ(TABLE_NAME,NEXT_ID) values ('ADMINIST_WORD_ID',1);
insert into TE_BOPRSEQ(TABLE_NAME,NEXT_ID) values ('ADMIN_CODE_OPERT',1);
insert into TE_BOPRSEQ(TABLE_NAME,NEXT_ID) values ('ANN_ID',1);
insert into TE_BOPRSEQ(TABLE_NAME,NEXT_ID) values ('ANSWER_NO',7);
insert into TE_BOPRSEQ(TABLE_NAME,NEXT_ID) values ('BACKUP_OPERT_ID',1);
insert into TE_BOPRSEQ(TABLE_NAME,NEXT_ID) values ('BACKUP_RESULT_ID',1);
insert into TE_BOPRSEQ(TABLE_NAME,NEXT_ID) values ('BANNER_ID',1);
insert into TE_BOPRSEQ(TABLE_NAME,NEXT_ID) values ('BATCHDLBRT_ID',1000);
insert into TE_BOPRSEQ(TABLE_NAME,NEXT_ID) values ('BATCHEXECUT_ID',50);
insert into TE_BOPRSEQ(TABLE_NAME,NEXT_ID) values ('BATCH_ID',1008);
insert into TE_BOPRSEQ(TABLE_NAME,NEXT_ID) values ('BATCH_OPERT_ID',1);
insert into TE_BOPRSEQ(TABLE_NAME,NEXT_ID) values ('BATCH_RESULT_ID',1);
insert into TE_BOPRSEQ(TABLE_NAME,NEXT_ID) values ('BATCH_SCHDUL_ID',1);
insert into TE_BOPRSEQ(TABLE_NAME,NEXT_ID) values ('BATDLBRTRES_ID',1000);
insert into TE_BOPRSEQ(TABLE_NAME,NEXT_ID) values ('BBS_ID',11);
insert into TE_BOPRSEQ(TABLE_NAME,NEXT_ID) values ('CLB_ID',1);
insert into TE_BOPRSEQ(TABLE_NAME,NEXT_ID) values ('CMMNTY_ID',1);
insert into TE_BOPRSEQ(TABLE_NAME,NEXT_ID) values ('CNSLT_ID',1);
insert into TE_BOPRSEQ(TABLE_NAME,NEXT_ID) values ('CNTC_ID',1);
insert into TE_BOPRSEQ(TABLE_NAME,NEXT_ID) values ('CNTC_MESSAGE_ID',1);
insert into TE_BOPRSEQ(TABLE_NAME,NEXT_ID) values ('CNTNTS_ID',1);
insert into TE_BOPRSEQ(TABLE_NAME,NEXT_ID) values ('CPYRHT_ID',1);
insert into TE_BOPRSEQ(TABLE_NAME,NEXT_ID) values ('CTSNN_ID',1);
insert into TE_BOPRSEQ(TABLE_NAME,NEXT_ID) values ('DAM_ID',1);
insert into TE_BOPRSEQ(TABLE_NAME,NEXT_ID) values ('DB_MNTRNG_LOG_ID',1);
insert into TE_BOPRSEQ(TABLE_NAME,NEXT_ID) values ('DEPT_JOB_BX_ID',1);
insert into TE_BOPRSEQ(TABLE_NAME,NEXT_ID) values ('DEPT_JOB_ID',1);
insert into TE_BOPRSEQ(TABLE_NAME,NEXT_ID) values ('DIARY_ID',1);
insert into TE_BOPRSEQ(TABLE_NAME,NEXT_ID) values ('DUS_ID',1);
insert into TE_BOPRSEQ(TABLE_NAME,NEXT_ID) values ('EMAIL_INTRLCK_NO',1);
insert into TE_BOPRSEQ(TABLE_NAME,NEXT_ID) values ('EVENTINFO_ID',1);
insert into TE_BOPRSEQ(TABLE_NAME,NEXT_ID) values ('EVENT_ID',1);
insert into TE_BOPRSEQ(TABLE_NAME,NEXT_ID) values ('EXTRLHRINFO_ID',1);
insert into TE_BOPRSEQ(TABLE_NAME,NEXT_ID) values ('FAQ_ID',1);
insert into TE_BOPRSEQ(TABLE_NAME,NEXT_ID) values ('FILESYS_LOGID',1);
insert into TE_BOPRSEQ(TABLE_NAME,NEXT_ID) values ('FILESYS_MNTRNG',1);
insert into TE_BOPRSEQ(TABLE_NAME,NEXT_ID) values ('FILE_ID',1630);
insert into TE_BOPRSEQ(TABLE_NAME,NEXT_ID) values ('FTP_INTRLCK_NO',1);
insert into TE_BOPRSEQ(TABLE_NAME,NEXT_ID) values ('GROUP_ID',1);
insert into TE_BOPRSEQ(TABLE_NAME,NEXT_ID) values ('HPCM_ID',1);
insert into TE_BOPRSEQ(TABLE_NAME,NEXT_ID) values ('HTTL_ID',1);
insert into TE_BOPRSEQ(TABLE_NAME,NEXT_ID) values ('HTTP_ID',1);
insert into TE_BOPRSEQ(TABLE_NAME,NEXT_ID) values ('INDVDL_INFO_ID',1);
insert into TE_BOPRSEQ(TABLE_NAME,NEXT_ID) values ('INFRML_SANCTN',1);
insert into TE_BOPRSEQ(TABLE_NAME,NEXT_ID) values ('INSTT_CODE_OPERT',1);
insert into TE_BOPRSEQ(TABLE_NAME,NEXT_ID) values ('INSTT_ID',1);
insert into TE_BOPRSEQ(TABLE_NAME,NEXT_ID) values ('ISG_ID',1);
insert into TE_BOPRSEQ(TABLE_NAME,NEXT_ID) values ('ISSUE_NO',1);
insert into TE_BOPRSEQ(TABLE_NAME,NEXT_ID) values ('ITEM_ID',1);
insert into TE_BOPRSEQ(TABLE_NAME,NEXT_ID) values ('JOBDLBRTRES_ID',1000);
insert into TE_BOPRSEQ(TABLE_NAME,NEXT_ID) values ('JOBDLBRT_ID',1000);
insert into TE_BOPRSEQ(TABLE_NAME,NEXT_ID) values ('KNO_ID',1);
insert into TE_BOPRSEQ(TABLE_NAME,NEXT_ID) values ('KNO_ID2',1);
insert into TE_BOPRSEQ(TABLE_NAME,NEXT_ID) values ('KNWLDG_NO',5);
insert into TE_BOPRSEQ(TABLE_NAME,NEXT_ID) values ('LEADER_SCHDUL_ID',1);
insert into TE_BOPRSEQ(TABLE_NAME,NEXT_ID) values ('LOGINLOG_ID',1);
insert into TE_BOPRSEQ(TABLE_NAME,NEXT_ID) values ('LSI_ID',1);
insert into TE_BOPRSEQ(TABLE_NAME,NEXT_ID) values ('MAILMSG_ID',1);
insert into TE_BOPRSEQ(TABLE_NAME,NEXT_ID) values ('MEMO_REPRT',1);
insert into TE_BOPRSEQ(TABLE_NAME,NEXT_ID) values ('MEMO_TODO_ID',1);
insert into TE_BOPRSEQ(TABLE_NAME,NEXT_ID) values ('MSI_ID',1);
insert into TE_BOPRSEQ(TABLE_NAME,NEXT_ID) values ('MTG_ID',1);
insert into TE_BOPRSEQ(TABLE_NAME,NEXT_ID) values ('MTG_PLACE_ID',1);
insert into TE_BOPRSEQ(TABLE_NAME,NEXT_ID) values ('NCRD_ID',1);
insert into TE_BOPRSEQ(TABLE_NAME,NEXT_ID) values ('NEWS_ID',1);
insert into TE_BOPRSEQ(TABLE_NAME,NEXT_ID) values ('NOTE_ID',1);
insert into TE_BOPRSEQ(TABLE_NAME,NEXT_ID) values ('NOTE_RECPTN_ID',1);
insert into TE_BOPRSEQ(TABLE_NAME,NEXT_ID) values ('NOTE_TRNSMIT_ID',1);
insert into TE_BOPRSEQ(TABLE_NAME,NEXT_ID) values ('NTT_ID',1);
insert into TE_BOPRSEQ(TABLE_NAME,NEXT_ID) values ('NTWRKSVC_LOGID',1);
insert into TE_BOPRSEQ(TABLE_NAME,NEXT_ID) values ('NTWRK_ID',1);
insert into TE_BOPRSEQ(TABLE_NAME,NEXT_ID) values ('ONLINE_MUL_ID',1);
insert into TE_BOPRSEQ(TABLE_NAME,NEXT_ID) values ('ORGNZT_ID',1);
insert into TE_BOPRSEQ(TABLE_NAME,NEXT_ID) values ('POLL_IEM_ID',1);
insert into TE_BOPRSEQ(TABLE_NAME,NEXT_ID) values ('POLL_MGR_ID',1);
insert into TE_BOPRSEQ(TABLE_NAME,NEXT_ID) values ('POLL_RUT_ID',1);
insert into TE_BOPRSEQ(TABLE_NAME,NEXT_ID) values ('POPUP_ID',1);
insert into TE_BOPRSEQ(TABLE_NAME,NEXT_ID) values ('PROC_ID',1);
insert into TE_BOPRSEQ(TABLE_NAME,NEXT_ID) values ('PROL_ID',1);
insert into TE_BOPRSEQ(TABLE_NAME,NEXT_ID) values ('PROXYLOG_ID',1);
insert into TE_BOPRSEQ(TABLE_NAME,NEXT_ID) values ('PROXYSVC_ID',1);
insert into TE_BOPRSEQ(TABLE_NAME,NEXT_ID) values ('QA_ID',1);
insert into TE_BOPRSEQ(TABLE_NAME,NEXT_ID) values ('QESITM_',1);
insert into TE_BOPRSEQ(TABLE_NAME,NEXT_ID) values ('QESRSPNS_ID',1);
insert into TE_BOPRSEQ(TABLE_NAME,NEXT_ID) values ('QESTNR_QESITM_ID',1);
insert into TE_BOPRSEQ(TABLE_NAME,NEXT_ID) values ('QESTNR_RPD_ID',1);
insert into TE_BOPRSEQ(TABLE_NAME,NEXT_ID) values ('QUSTNRQESTN_ID',1);
insert into TE_BOPRSEQ(TABLE_NAME,NEXT_ID) values ('QUSTNRTMPLA_ID',1);
insert into TE_BOPRSEQ(TABLE_NAME,NEXT_ID) values ('RECOMEND_SITE_ID',1);
insert into TE_BOPRSEQ(TABLE_NAME,NEXT_ID) values ('REHNDN_ID',50);
insert into TE_BOPRSEQ(TABLE_NAME,NEXT_ID) values ('RESTDE_ID',1);
insert into TE_BOPRSEQ(TABLE_NAME,NEXT_ID) values ('RESULT_ID',61);
insert into TE_BOPRSEQ(TABLE_NAME,NEXT_ID) values ('RESVE_ID',1);
insert into TE_BOPRSEQ(TABLE_NAME,NEXT_ID) values ('ROLE_ID',20);
insert into TE_BOPRSEQ(TABLE_NAME,NEXT_ID) values ('RSS_ID',1);
insert into TE_BOPRSEQ(TABLE_NAME,NEXT_ID) values ('RS_ID',1);
insert into TE_BOPRSEQ(TABLE_NAME,NEXT_ID) values ('RWARD_ID',1);
insert into TE_BOPRSEQ(TABLE_NAME,NEXT_ID) values ('SCHDUL_ID',51);
insert into TE_BOPRSEQ(TABLE_NAME,NEXT_ID) values ('SCRAP_ID',1);
insert into TE_BOPRSEQ(TABLE_NAME,NEXT_ID) values ('SERVER_ID',1);
insert into TE_BOPRSEQ(TABLE_NAME,NEXT_ID) values ('SEVEQ_ID',1);
insert into TE_BOPRSEQ(TABLE_NAME,NEXT_ID) values ('SITE_ID',1);
insert into TE_BOPRSEQ(TABLE_NAME,NEXT_ID) values ('SMS_ID',1);
insert into TE_BOPRSEQ(TABLE_NAME,NEXT_ID) values ('SRCHWRD_ID',1);
insert into TE_BOPRSEQ(TABLE_NAME,NEXT_ID) values ('SRCHWRD_MANAGEID',1);
insert into TE_BOPRSEQ(TABLE_NAME,NEXT_ID) values ('SRCHWRD_MANAGE_I',1);
insert into TE_BOPRSEQ(TABLE_NAME,NEXT_ID) values ('STSFDG_NO',1);
insert into TE_BOPRSEQ(TABLE_NAME,NEXT_ID) values ('STTUSNTCN_ID',50);
insert into TE_BOPRSEQ(TABLE_NAME,NEXT_ID) values ('SVCRESMONTLOG_ID',1);
insert into TE_BOPRSEQ(TABLE_NAME,NEXT_ID) values ('SVC_ID',1);
insert into TE_BOPRSEQ(TABLE_NAME,NEXT_ID) values ('SYNCHRNSERVER_ID',1);
insert into TE_BOPRSEQ(TABLE_NAME,NEXT_ID) values ('SYSLOG_ID',1);
insert into TE_BOPRSEQ(TABLE_NAME,NEXT_ID) values ('SYS_ID',1);
insert into TE_BOPRSEQ(TABLE_NAME,NEXT_ID) values ('TEST1',5);
insert into TE_BOPRSEQ(TABLE_NAME,NEXT_ID) values ('TE_BOPRSEQ',150);
insert into TE_BOPRSEQ(TABLE_NAME,NEXT_ID) values ('TMPLAT_ID',1);
insert into TE_BOPRSEQ(TABLE_NAME,NEXT_ID) values ('TROBL_ID',1);
insert into TE_BOPRSEQ(TABLE_NAME,NEXT_ID) values ('TRSMRCVLOG_ID',1);
insert into TE_BOPRSEQ(TABLE_NAME,NEXT_ID) values ('TR_MNTRNG_LOG_ID',1);
insert into TE_BOPRSEQ(TABLE_NAME,NEXT_ID) values ('UNITY_LINK_ID',1);
insert into TE_BOPRSEQ(TABLE_NAME,NEXT_ID) values ('USE_STPLAT_ID',3);
insert into TE_BOPRSEQ(TABLE_NAME,NEXT_ID) values ('USRCNFRM_ID',3);
insert into TE_BOPRSEQ(TABLE_NAME,NEXT_ID) values ('WEBLOG_ID',1);
insert into TE_BOPRSEQ(TABLE_NAME,NEXT_ID) values ('WIKI_ID',1);
insert into TE_BOPRSEQ(TABLE_NAME,NEXT_ID) values ('WIKMNTHNG_REPRT',1);
insert into TE_BOPRSEQ(TABLE_NAME,NEXT_ID) values ('WORD_ID',1);





/* tn_authorinfo */

insert into TN_AUTHORINFO(AUTHOR_CODE,AUTHOR_NM,AUTHOR_DC,AUTHOR_CREAT_DE) values ('ROLE_ADMIN','관리자','셜명 테스트',now());
insert into TN_AUTHORINFO(AUTHOR_CODE,AUTHOR_NM,AUTHOR_DC,AUTHOR_CREAT_DE) values ('ROLE_ANONYMOUS','모든 사용자','',now());
insert into TN_AUTHORINFO(AUTHOR_CODE,AUTHOR_NM,AUTHOR_DC,AUTHOR_CREAT_DE) values ('ROLE_BATCHMASTER','배치관리자',null,now());
insert into TN_AUTHORINFO(AUTHOR_CODE,AUTHOR_NM,AUTHOR_DC,AUTHOR_CREAT_DE) values ('ROLE_USER','일반 사용자','',now());






/* tn_roleinfo */


insert into TN_ROLEINFO(ROLE_CODE,ROLE_CREAT_DE,ROLE_SORT,ROLE_TY,ROLE_DC,ROLE_PTTRN,ROLE_NM) values ('web-000001',SYSDATETIME,2,'url','로그인허용을 위한 롤','\\A/uat/uia/.*\\.do.*\\Z','로그인롤');
insert into TN_ROLEINFO(ROLE_CODE,ROLE_CREAT_DE,ROLE_SORT,ROLE_TY,ROLE_DC,ROLE_PTTRN,ROLE_NM) values ('web-000002',SYSDATETIME,3,'url','좌측 메뉴에 대한 접근 제한 롤','/bopr/LeftMenu.do','좌측메뉴');
insert into TN_ROLEINFO(ROLE_CODE,ROLE_CREAT_DE,ROLE_SORT,ROLE_TY,ROLE_DC,ROLE_PTTRN,ROLE_NM) values ('web-000003',SYSDATETIME,999,'url','모든자원에 대한 접근 제한 롤','\\A/.*\\.do.*\\Z','모든접근제한');
insert into TN_ROLEINFO(ROLE_CODE,ROLE_CREAT_DE,ROLE_SORT,ROLE_TY,ROLE_DC,ROLE_PTTRN,ROLE_NM) values ('web-000004',SYSDATETIME,4,'url','회원관리에 대한 접근 제한 롤','\\A/uss/umt/.*\\.do.*\\Z','회원관리');
insert into TN_ROLEINFO(ROLE_CODE,ROLE_CREAT_DE,ROLE_SORT,ROLE_TY,ROLE_DC,ROLE_PTTRN,ROLE_NM) values ('web-000005',SYSDATETIME,1,'url','메인화면 및 회원가입에 대한 접근 제한 롤','\\A/main/.*\\.do.*\\Z','메인화면 및 회원가입 ');
insert into TN_ROLEINFO(ROLE_CODE,ROLE_CREAT_DE,ROLE_SORT,ROLE_TY,ROLE_DC,ROLE_PTTRN,ROLE_NM) values ('web-000006',SYSDATETIME,5,'url','회원가입시 유효성 검사','/validator.do','회원가입시 유효성검사');
insert into TN_ROLEINFO(ROLE_CODE,ROLE_CREAT_DE,ROLE_SORT,ROLE_TY,ROLE_DC,ROLE_PTTRN,ROLE_NM) values ('web-000007',SYSDATETIME,8,'url','배치심의관리','\\A/bopr/bam/.*\\.do.*\\Z','배치심의관리');
insert into TN_ROLEINFO(ROLE_CODE,ROLE_CREAT_DE,ROLE_SORT,ROLE_TY,ROLE_DC,ROLE_PTTRN,ROLE_NM) values ('web-000008',SYSDATETIME,9,'url','배치정보관리','\\A/bopr/sim/.*\\.do.*\\Z','배치정보관리');
insert into TN_ROLEINFO(ROLE_CODE,ROLE_CREAT_DE,ROLE_SORT,ROLE_TY,ROLE_DC,ROLE_PTTRN,ROLE_NM) values ('web-000009',SYSDATETIME,10,'url','사용자관리','\\A/bopr/uam/.*\\.do.*\\Z','사용자관리');
insert into TN_ROLEINFO(ROLE_CODE,ROLE_CREAT_DE,ROLE_SORT,ROLE_TY,ROLE_DC,ROLE_PTTRN,ROLE_NM) values ('web-000010',SYSDATETIME,11,'url','배치운영 롤','\\A/bopr/mom/.*\\.do.*\\Z','배치운영 롤');
insert into TN_ROLEINFO(ROLE_CODE,ROLE_CREAT_DE,ROLE_SORT,ROLE_TY,ROLE_DC,ROLE_PTTRN,ROLE_NM) values ('web-000011',SYSDATETIME,12,'url','배치운영&gt;작업이력관리','\\A/bopr/jhm/.*\\.do.*\\Z','작업이력관리 롤');
insert into TN_ROLEINFO(ROLE_CODE,ROLE_CREAT_DE,ROLE_SORT,ROLE_TY,ROLE_DC,ROLE_PTTRN,ROLE_NM) values ('web-000012',SYSDATETIME,13,'url','Job 지식, 이슈 관리 롤','\\A/bopr/ikm/.*\\.do.*\\Z','Job지식 롤');
insert into TN_ROLEINFO(ROLE_CODE,ROLE_CREAT_DE,ROLE_SORT,ROLE_TY,ROLE_DC,ROLE_PTTRN,ROLE_NM) values ('web-000013',SYSDATETIME,6,'url','업무심의메뉴접근롤','\\A/bopr/bam/EgovJobDlbrtConfmList.do.*\\Z','업무심의메뉴접근롤');
insert into TN_ROLEINFO(ROLE_CODE,ROLE_CREAT_DE,ROLE_SORT,ROLE_TY,ROLE_DC,ROLE_PTTRN,ROLE_NM) values ('web-000014',SYSDATETIME,7,'url','배치심의메뉴접근롤','\\A/bopr/bam/EgovBatchDlbrtConfmList.do.*\\Z','배치심의메뉴접근롤');
insert into TN_ROLEINFO(ROLE_CODE,ROLE_CREAT_DE,ROLE_SORT,ROLE_TY,ROLE_DC,ROLE_PTTRN,ROLE_NM) values ('web-000015',SYSDATETIME,6,'url','일반사용자롤','\\A/com.*.do.*\\Z','일반사용자롤');
insert into TN_ROLEINFO(ROLE_CODE,ROLE_CREAT_DE,ROLE_SORT,ROLE_TY,ROLE_DC,ROLE_PTTRN,ROLE_NM) values ('web-000016',SYSDATETIME,6,'url','사용자목록팝업접근롤','\\A/bopr/uam/EgovUserManagePopUp.do.*\\Z','사용자목록팝업접근롤');
insert into TN_ROLEINFO(ROLE_CODE,ROLE_CREAT_DE,ROLE_SORT,ROLE_TY,ROLE_DC,ROLE_PTTRN,ROLE_NM) values ('web-000017',SYSDATETIME,6,'url','Job결과조회롤','\\A/bopr/mom/EgovExecutResult.do.*\\Z','Job결과조회롤');
insert into TN_ROLEINFO(ROLE_CODE,ROLE_CREAT_DE,ROLE_SORT,ROLE_TY,ROLE_DC,ROLE_PTTRN,ROLE_NM) values ('web-000018',SYSDATETIME,6,'url','Job결과목록조회롤','\\A/bopr/mom/EgovExecutResultList.do.*\\Z','Job결과목록조회롤');
insert into TN_ROLEINFO(ROLE_CODE,ROLE_CREAT_DE,ROLE_SORT,ROLE_TY,ROLE_DC,ROLE_PTTRN,ROLE_NM) values ('web-000019',SYSDATETIME,6,'url','사용자정보조회롤','\\A/bopr/uam/EgovUser.do.*\\Z','사용자정보조회롤');
insert into TN_ROLEINFO(ROLE_CODE,ROLE_CREAT_DE,ROLE_SORT,ROLE_TY,ROLE_DC,ROLE_PTTRN,ROLE_NM) values ('web-000020',SYSDATETIME,6,'url','알림수신자목록조회롤','\\A/bopr/uam/.*Update.*.do.*\\Z','알림수신자목록조회롤');



/* tn_roles_hierarchy */


insert into TN_ROLES_HIERARCHY(PARNTS_ROLE,CHILD_ROLE) values ('ROLE_BATCHMASTER','ROLE_ADMIN');
insert into TN_ROLES_HIERARCHY(PARNTS_ROLE,CHILD_ROLE) values ('ROLE_USER','ROLE_BATCHMASTER');
insert into TN_ROLES_HIERARCHY(PARNTS_ROLE,CHILD_ROLE) values ('ROLE_ANONYMOUS','ROLE_USER');





/* tn_authorrolerelate */

insert into TN_AUTHORROLERELATE(ROLE_CODE,AUTHOR_CODE,CREAT_DT) values ('web-000001','ROLE_ANONYMOUS',SYSDATETIME);
insert into TN_AUTHORROLERELATE(ROLE_CODE,AUTHOR_CODE,CREAT_DT) values ('web-000002','ROLE_ANONYMOUS',SYSDATETIME);
insert into TN_AUTHORROLERELATE(ROLE_CODE,AUTHOR_CODE,CREAT_DT) values ('web-000003','ROLE_ADMIN',SYSDATETIME);
insert into TN_AUTHORROLERELATE(ROLE_CODE,AUTHOR_CODE,CREAT_DT) values ('web-000004','ROLE_ANONYMOUS',SYSDATETIME);
insert into TN_AUTHORROLERELATE(ROLE_CODE,AUTHOR_CODE,CREAT_DT) values ('web-000005','ROLE_ANONYMOUS',SYSDATETIME);
insert into TN_AUTHORROLERELATE(ROLE_CODE,AUTHOR_CODE,CREAT_DT) values ('web-000006','ROLE_ANONYMOUS',SYSDATETIME);
insert into TN_AUTHORROLERELATE(ROLE_CODE,AUTHOR_CODE,CREAT_DT) values ('web-000007','ROLE_USER',SYSDATETIME);
insert into TN_AUTHORROLERELATE(ROLE_CODE,AUTHOR_CODE,CREAT_DT) values ('web-000008','ROLE_BATCHMASTER',SYSDATETIME);
insert into TN_AUTHORROLERELATE(ROLE_CODE,AUTHOR_CODE,CREAT_DT) values ('web-000010','ROLE_BATCHMASTER',SYSDATETIME);
insert into TN_AUTHORROLERELATE(ROLE_CODE,AUTHOR_CODE,CREAT_DT) values ('web-000011','ROLE_BATCHMASTER',SYSDATETIME);
insert into TN_AUTHORROLERELATE(ROLE_CODE,AUTHOR_CODE,CREAT_DT) values ('web-000012','ROLE_USER',SYSDATETIME);
insert into TN_AUTHORROLERELATE(ROLE_CODE,AUTHOR_CODE,CREAT_DT) values ('web-000013','ROLE_BATCHMASTER',SYSDATETIME);
insert into TN_AUTHORROLERELATE(ROLE_CODE,AUTHOR_CODE,CREAT_DT) values ('web-000014','ROLE_BATCHMASTER',SYSDATETIME);
insert into TN_AUTHORROLERELATE(ROLE_CODE,AUTHOR_CODE,CREAT_DT) values ('web-000015','ROLE_USER',SYSDATETIME);
insert into TN_AUTHORROLERELATE(ROLE_CODE,AUTHOR_CODE,CREAT_DT) values ('web-000016','ROLE_BATCHMASTER',SYSDATETIME);
insert into TN_AUTHORROLERELATE(ROLE_CODE,AUTHOR_CODE,CREAT_DT) values ('web-000017','ROLE_USER',SYSDATETIME);
insert into TN_AUTHORROLERELATE(ROLE_CODE,AUTHOR_CODE,CREAT_DT) values ('web-000018','ROLE_USER',SYSDATETIME);
insert into TN_AUTHORROLERELATE(ROLE_CODE,AUTHOR_CODE,CREAT_DT) values ('web-000019','ROLE_USER',SYSDATETIME);
insert into TN_AUTHORROLERELATE(ROLE_CODE,AUTHOR_CODE,CREAT_DT) values ('web-000020','ROLE_USER',SYSDATETIME);










/* tn_emplyrscrtyestbs */

insert into TN_EMPLYRSCRTYESTBS(SCRTY_DTRMN_TRGET_ID,MBER_TY_CODE,AUTHOR_CODE) values ('admin','','ROLE_ADMIN');
insert into TN_EMPLYRSCRTYESTBS(SCRTY_DTRMN_TRGET_ID,MBER_TY_CODE,AUTHOR_CODE) values ('infomaster','','ROLE_BATCHMASTER');
insert into TN_EMPLYRSCRTYESTBS(SCRTY_DTRMN_TRGET_ID,MBER_TY_CODE,AUTHOR_CODE) values ('batchuser','','ROLE_USER');
insert into TN_EMPLYRSCRTYESTBS(SCRTY_DTRMN_TRGET_ID,MBER_TY_CODE,AUTHOR_CODE) values ('test','','ROLE_ANONYMOUS');




/* tn_users */

insert into TN_USERS(USER_ID,USER_NM,PASSWORD,USE_AT,DEPT_ID,MOBLPHON_NO,ADRES,EMAILS,IMAGE_FILE,REGIST_DE,JOB_SE_CODE,AGRE_AT) values ('admin','관리자','cPmAePssfXv7OuFzMLkeqgGBELA4lpebTIi/rtOAWQY=','Y','01','1234','1234','1234','FILE_00000000001223',SYSDATETIME,null,'Y');
insert into TN_USERS(USER_ID,USER_NM,PASSWORD,USE_AT,DEPT_ID,MOBLPHON_NO,ADRES,EMAILS,IMAGE_FILE,REGIST_DE,JOB_SE_CODE,AGRE_AT) values ('infomaster','배치정보관리자','cPmAePssfXv7OuFzMLkeqgGBELA4lpebTIi/rtOAWQY=','N','06','1234','1234','1234',null,SYSDATETIME,null,'Y');
insert into TN_USERS(USER_ID,USER_NM,PASSWORD,USE_AT,DEPT_ID,MOBLPHON_NO,ADRES,EMAILS,IMAGE_FILE,REGIST_DE,JOB_SE_CODE,AGRE_AT) values ('batchuser','qwerqwer','cPmAePssfXv7OuFzMLkeqgGBELA4lpebTIi/rtOAWQY=','Y','03','1234333','1234','1234',null,SYSDATETIME,null,'Y');
insert into TN_USERS(USER_ID,USER_NM,PASSWORD,USE_AT,DEPT_ID,MOBLPHON_NO,ADRES,EMAILS,IMAGE_FILE,REGIST_DE,JOB_SE_CODE,AGRE_AT) values ('test','test','cPmAePssfXv7OuFzMLkeqgGBELA4lpebTIi/rtOAWQY=','Y','01','','','','',SYSDATETIME,null,'Y');


/* TN_FTP_INTRLCK */

insert into TN_FTP_INTRLCK (FTP_INTRLCK_NO, FTP_INTRLCK_NM, FTP_ADRES, USER_ID, PASSWORD,BATCH_WDTB_PATH,CFG_WDTB_PATH) 
values ('FTP_0000000000000000', '배치등록 경로', '192.168.100.209:21', 'Administrator', 'qwertyui@@', '/WEB-INF/classes/egovframework/', '/WEB-INF/classes/egovframework/batch/job/');


insert into TN_SETUP(USER_ID,EXECUT_CYCLE,JOB_SE_CODE,LIST_COUNT,BATCH_STTUS) values ('MENU_CONTROLLER','Y','Y',null,null);
